articleID	date
5988	1973
5989	1972
5982	1975
5983	1972
5980	1972
5981	1974
5986	1972
5987	1972
5984	1972
5985	1969
6796	1989
6797	1981
6794	1987
6795	1982
6792	1986
6793	1986
6790	1984
6791	1980
6798	1983
6799	1985
6294	1971
270	1898
271	1892
272	1899
273	1896
274	1889
275	1895
276	1897
277	1897
278	1893
279	1892
2143	1934
2142	1932
3519	1950
3518	1952
3513	1940
3512	1944
3511	1947
3510	1942
3517	1955
3516	1953
3515	1951
3514	1945
2688	1942
2689	1943
2684	1946
2685	1942
2686	1942
2687	1942
2680	1942
2681	1940
2682	1948
2683	1942
99	1897
98	1894
91	1897
90	1898
93	1894
92	1889
95	1895
94	1899
97	1891
96	1890
1177	1922
1176	1923
1175	1929
1174	1920
1173	1929
1172	1920
1171	1927
1170	1922
1179	1928
1178	1929
7188	1988
876	1910
877	1912
7180	1981
7181	1980
7182	1982
7183	1979
7184	1986
3432	1948
7186	1980
7187	1985
623	1903
875	1912
622	1901
872	1914
1225	1926
3435	1940
620	1902
8549	2006
870	1911
8019	1992
8018	1993
8017	1991
627	1901
8015	1999
871	1916
8013	1996
8012	1992
8011	1991
626	1902
7456	1996
4592	1959
7454	1990
7455	1990
7452	1994
625	1900
7450	1997
2036	1935
624	1905
4590	1957
7458	1993
7459	1992
4591	1956
4596	1959
4849	1967
4594	1956
4595	1956
2749	1948
4845	1964
4598	1959
8291	2005
4599	1958
4734	1960
8290	2006
4735	1957
8293	2004
8292	2006
2039	1930
8295	2003
4843	1962
4738	1956
8294	2005
4739	1960
8297	2003
8296	2004
393	1906
392	1901
391	1901
390	1902
397	1903
396	1909
395	1907
394	1901
399	1902
398	1909
2309	1930
2308	1931
4729	1956
4728	1959
2301	1939
2300	1930
2303	1932
2302	1930
2305	1936
2304	1939
2307	1939
2306	1939
5847	1972
5846	1973
5845	1971
5844	1976
5843	1970
5842	1976
5841	1972
5840	1973
5849	1972
5848	1969
3748	1950
3749	1952
3746	1954
3747	1954
3744	1952
3745	1952
3742	1954
3743	1953
3740	1951
3741	1954
4620	1957
4621	1956
4622	1959
4623	1959
4624	1960
4625	1957
4626	1960
4627	1956
4628	1960
4629	1956
179	1899
178	1894
177	1895
176	1892
175	1890
174	1896
173	1891
172	1898
171	1889
170	1892
7218	1985
7219	1986
7210	1983
7211	1982
7212	1978
7213	1980
7214	1985
7215	1984
7216	1982
7217	1979
6217	1975
6216	1973
6215	1973
6214	1972
6213	1973
6212	1977
6211	1975
6210	1972
6219	1970
6218	1969
6819	1979
6818	1979
6811	1984
6810	1981
6813	1988
6812	1985
6815	1984
6814	1979
6817	1984
6816	1979
8913	2000
8848	2000
8849	2006
8840	2004
8841	2004
8842	2002
8843	2006
8844	2004
8845	2004
8846	2002
8847	2002
8915	2002
7669	1999
7668	1993
7661	1997
7660	1997
7663	1992
7662	1992
7665	1998
7664	1993
7667	1994
7666	1997
1768	1938
1769	1939
1762	1934
1763	1934
1760	1936
1761	1933
1766	1936
1767	1935
1764	1932
1765	1932
692	1916
693	1917
690	1913
691	1913
696	1910
697	1914
694	1911
695	1919
698	1915
699	1911
1548	1920
1549	1926
8710	2006
8711	2001
8712	2000
8713	2000
8714	2003
8715	2000
8716	2003
8717	2003
8718	2001
8719	2002
5618	1967
5619	1964
5612	1966
5613	1962
5610	1965
5611	1966
5616	1967
5617	1967
5614	1962
5615	1965
7116	1982
7118	1982
6778	1980
6779	1979
6774	1985
6775	1981
6776	1989
6777	1988
6770	1985
6771	1979
6772	1981
6773	1983
3580	1953
258	1898
259	1898
252	1896
253	1890
250	1893
251	1893
256	1896
257	1893
254	1896
255	1894
4665	1960
3689	1952
3688	1954
3683	1952
3682	1955
3681	1952
3680	1955
3687	1950
3686	1951
3685	1950
3684	1952
2518	1936
2519	1930
2514	1936
2515	1936
2516	1937
2517	1933
2510	1933
2511	1936
2512	1936
2513	1932
3531	1953
3530	1954
3533	1952
3532	1951
3535	1954
3534	1955
3537	1954
3536	1954
5054	1963
3538	1951
5056	1965
5057	1965
5050	1968
5051	1965
5052	1962
5053	1967
1159	1928
1158	1925
1155	1929
1154	1922
1157	1926
1156	1925
1151	1928
1150	1928
1153	1929
1152	1926
8035	1993
8034	1998
8037	1992
8036	1999
8031	1997
8030	1998
8033	1994
8032	1992
8039	1995
8038	1999
8529	2002
8528	2000
8523	2000
8522	2000
8521	2004
8520	2000
8527	2002
8526	2006
8525	2002
8524	2002
8536	2005
4299	1957
4298	1958
4295	1956
4294	1956
4297	1958
4296	1956
4291	1957
4290	1959
4293	1956
4292	1957
6368	1975
4749	1957
4748	1956
1324	1920
4743	1960
4742	1957
4741	1959
4740	1956
4747	1957
4746	1958
4745	1957
4744	1958
5869	1977
5868	1969
5865	1972
5864	1977
5867	1971
5866	1973
5861	1969
5860	1974
5863	1977
5862	1971
9006	2003
8537	2006
2183	1934
2182	1938
2181	1934
2180	1934
2187	1930
2186	1938
2185	1931
2184	1935
4606	1957
4607	1956
2189	1934
2188	1937
4602	1957
4603	1958
4600	1958
4601	1958
6907	1983
6906	1985
6905	1986
6904	1981
6903	1987
6902	1989
151	1890
150	1895
153	1896
152	1891
155	1895
154	1895
157	1899
156	1889
159	1889
158	1895
6900	1985
8134	2003
8135	2002
8688	2006
8689	2005
6187	1974
6186	1973
6185	1969
6184	1975
6183	1974
6182	1973
6181	1974
6180	1974
6954	1978
8133	2003
6189	1971
6188	1972
2727	1943
2726	1943
2725	1949
2724	1940
2723	1940
2722	1945
2721	1949
2720	1946
2729	1940
2728	1945
7236	1978
7237	1988
7234	1989
7235	1981
7232	1983
7233	1985
6955	1987
7231	1985
7948	1992
7949	1992
7238	1984
7239	1989
6239	1969
6238	1975
6235	1970
6234	1972
6237	1976
6236	1973
6231	1969
6230	1973
6233	1970
6232	1973
7815	1992
7932	1999
8866	2004
8867	2002
8864	2006
8865	2006
8862	2005
8863	2005
8860	2002
8861	2001
8868	2000
8869	2003
818	1918
819	1916
810	1913
811	1918
812	1915
813	1910
814	1919
815	1917
816	1917
817	1912
7819	1997
1700	1933
1701	1934
5265	1961
5264	1966
1704	1937
1705	1931
1706	1938
1707	1930
1708	1931
1709	1939
2097	1933
5269	1963
5268	1965
2096	1937
4574	1959
4575	1958
2093	1934
4577	1956
3959	1952
7936	1998
3029	1947
3028	1941
3027	1949
3026	1941
3025	1946
3024	1941
3023	1942
3022	1942
3021	1949
3020	1946
8738	2001
8739	2001
8736	2004
8737	2003
8734	2002
8735	2005
8732	2002
8733	2000
8730	2005
8731	2002
4198	1952
4199	1953
4196	1951
4197	1955
4194	1955
4195	1953
4192	1954
4193	1955
4190	1950
4191	1953
5670	1975
5671	1974
5672	1969
5673	1976
5674	1972
5675	1972
5676	1974
5677	1976
5678	1970
5679	1970
473	1900
6437	1972
6436	1975
6435	1974
6434	1976
6433	1972
6432	1969
6431	1971
6430	1977
8198	2000
8199	2004
6439	1977
6438	1973
6758	1985
6759	1989
6752	1985
6753	1982
6750	1987
6751	1989
6756	1983
6757	1987
6754	1986
6755	1988
238	1891
239	1897
234	1898
235	1898
236	1896
237	1898
230	1892
231	1891
232	1898
233	1893
4680	1958
8740	2002
4681	1956
2538	1935
2539	1939
2532	1930
2533	1937
2530	1932
2531	1930
2536	1935
2537	1930
2534	1932
2535	1936
5078	1968
5079	1966
5072	1964
5073	1964
5070	1965
5071	1962
5076	1965
5077	1963
5074	1963
5075	1962
939	1916
938	1914
933	1911
932	1915
931	1916
930	1919
937	1912
936	1912
935	1910
934	1917
5380	1963
5381	1962
5382	1964
5383	1967
5384	1964
5385	1961
5386	1962
5387	1963
5388	1968
5389	1963
797	1915
796	1916
795	1914
794	1910
793	1919
792	1914
791	1916
790	1915
2145	1937
799	1919
798	1915
2144	1931
2415	1932
2414	1934
1139	1928
1138	1923
2141	1934
1133	1929
1132	1928
1131	1926
1130	1923
1137	1925
1136	1920
1135	1929
1134	1929
2419	1934
4975	1965
7148	1987
7149	1983
7144	1980
7145	1979
7146	1988
7147	1978
7140	1989
7141	1982
7142	1986
7143	1983
2149	1934
2148	1935
8053	1992
8052	1998
8051	1997
8050	1991
8057	1998
8056	1998
8055	1995
8054	1990
8509	2003
8508	2002
8059	1992
8058	1996
2882	1946
2883	1946
2880	1949
2881	1945
2886	1949
2887	1948
2884	1948
2885	1943
7492	1993
1072	1929
2888	1945
2889	1947
7496	1990
7497	1990
7494	1994
7495	1991
2	1890
3276	1946
3277	1945
1922	1931
1923	1936
1924	1935
3273	1941
1926	1938
1927	1930
4761	1956
4760	1956
4763	1956
4762	1960
4765	1957
4764	1960
4767	1958
4766	1957
4769	1958
4768	1958
7189	1985
8767	2005
5809	1976
5808	1977
5803	1969
5802	1974
5801	1969
5800	1972
5807	1977
5806	1977
5805	1977
5804	1970
1573	1926
1572	1929
1571	1928
1570	1927
1577	1922
1576	1921
7360	1992
1575	1927
1574	1929
8023	1996
4888	1963
4889	1963
2709	1949
2708	1940
4880	1963
4881	1968
4882	1961
2706	1944
2701	1943
2700	1947
2703	1942
4887	1965
7962	1990
7963	1994
7960	1990
7961	1990
7966	1991
7967	1990
7964	1999
7965	1996
7968	1994
7969	1995
6259	1977
6258	1972
6253	1974
6252	1969
6251	1972
6250	1975
6257	1972
6256	1974
6255	1975
6254	1973
2411	1938
8545	2006
8016	1993
475	1906
8547	2005
3474	1946
3475	1946
3476	1943
3477	1942
3470	1945
3471	1946
3472	1944
3473	1942
8884	2006
8541	2006
838	1919
839	1914
3478	1949
3479	1940
8882	2004
8540	2001
8543	2003
8010	1993
7457	1998
8687	2004
7453	1997
9007	2001
5249	1967
5248	1963
1728	1933
1729	1931
1726	1938
5244	1961
5247	1966
5246	1965
1722	1937
1723	1938
1720	1933
1721	1932
9004	2006
5626	1967
9003	2005
9002	2000
7931	1990
9001	2006
7930	1995
9000	2003
7933	1993
3005	1940
3004	1945
3007	1948
3006	1942
3001	1940
3000	1940
3003	1949
3002	1946
7935	1999
3009	1943
3008	1948
7934	1990
1588	1927
1589	1920
7937	1998
1582	1927
1583	1926
1580	1927
1581	1925
1586	1922
1587	1923
1584	1922
1585	1925
5481	1968
8633	2005
5480	1961
5658	1977
5659	1971
5656	1965
5657	1969
5654	1968
2416	1938
5652	1965
5653	1961
5650	1967
5651	1965
6419	1969
6418	1974
6415	1975
6414	1975
6417	1977
6416	1971
6411	1971
6410	1971
6413	1970
6412	1969
7777	1993
7776	1990
7775	1999
7774	1995
7773	1991
7772	1991
7771	1996
7770	1994
7779	1991
7778	1997
3917	1955
3916	1953
3915	1955
3914	1953
3913	1950
3912	1955
3911	1950
3910	1953
3919	1954
3918	1952
6730	1981
6731	1985
6732	1989
6733	1986
6734	1989
6735	1979
6736	1981
6737	1985
6738	1989
6739	1987
8318	2003
8319	2006
3287	1941
216	1898
217	1899
214	1896
215	1893
212	1893
213	1899
210	1891
211	1895
218	1899
219	1890
6088	1972
6089	1977
6086	1977
6087	1973
6084	1974
6085	1969
6082	1975
6083	1972
6080	1971
6081	1970
3649	1955
3648	1955
3647	1950
3646	1953
3645	1954
3644	1955
3643	1950
3642	1955
3641	1950
3640	1955
2550	1936
2551	1934
2552	1938
2553	1933
2554	1937
2555	1935
2556	1930
2557	1935
2558	1930
2559	1934
5010	1966
5011	1961
5012	1964
5013	1968
5014	1967
5015	1967
5016	1964
5017	1961
5018	1968
5019	1968
4419	1958
4418	1959
4417	1956
4416	1958
4415	1960
4414	1957
4413	1956
4412	1958
4411	1957
4410	1960
919	1918
918	1913
915	1911
914	1913
917	1910
916	1915
911	1915
910	1913
913	1916
912	1919
7168	1983
7169	1984
7162	1988
7163	1981
7160	1989
7161	1989
7166	1985
7167	1980
7164	1985
7165	1986
8079	1999
630	1904
631	1907
8071	1991
8070	1990
8073	1993
8072	1997
8075	1998
632	1900
8077	1991
8076	1994
1211	1926
634	1907
635	1905
8888	2006
1214	1927
8637	2000
1215	1923
1111	1921
1110	1923
1113	1924
1112	1927
1115	1923
1114	1921
1117	1925
1440	1924
1119	1926
1118	1924
1449	1927
1448	1927
8889	2006
4859	1965
8636	2002
2005	1934
4857	1963
4584	1959
2008	1935
4854	1967
8635	2000
4581	1957
4580	1959
4725	1959
4583	1958
4724	1958
8268	2004
4582	1959
4727	1957
8269	2006
8634	2003
4726	1959
6914	1986
4721	1959
4720	1960
8264	2001
4723	1958
4789	1963
4788	1961
4787	1967
4786	1964
4785	1966
4722	1956
4783	1968
4782	1968
4781	1963
4780	1964
5821	1974
5820	1974
5823	1972
5822	1972
5825	1974
5824	1969
5827	1977
5826	1969
5829	1970
5828	1972
8632	2000
6916	1989
8631	2006
1182	1927
8630	2005
199	1895
198	1891
195	1897
194	1891
197	1898
196	1897
191	1898
190	1892
193	1894
192	1897
6912	1988
2769	1944
2768	1945
2763	1942
2762	1940
2761	1942
2760	1947
2767	1947
2766	1947
2765	1943
2764	1945
7908	1999
7909	1991
7900	1990
7901	1990
6913	1988
7903	1992
7904	1995
7905	1999
7906	1996
7907	1993
6271	1971
6270	1974
6273	1975
6272	1970
6275	1974
6274	1976
6277	1976
6276	1977
6279	1975
6278	1972
8883	2001
1183	1926
3452	1943
3453	1942
3450	1947
3451	1942
3456	1945
3457	1945
3454	1948
3455	1947
3458	1944
3459	1943
858	1919
859	1915
6	1893
8905	2003
5229	1967
5228	1968
5223	1961
5222	1968
5221	1965
5220	1961
5227	1964
5226	1962
5225	1966
5224	1965
4588	1959
3063	1945
3062	1943
3061	1946
3060	1940
3067	1945
3066	1947
3065	1941
3064	1942
3069	1947
3068	1941
7466	1991
4817	1963
4816	1967
1304	1926
1305	1926
1306	1925
1307	1929
1300	1926
1301	1929
1302	1928
1303	1924
1308	1926
1309	1929
498	1905
499	1902
494	1903
495	1905
496	1900
497	1905
490	1906
491	1907
492	1903
493	1900
6479	1989
6478	1982
6473	1971
6472	1969
6471	1977
6470	1975
6477	1986
6476	1976
6475	1970
6474	1971
6915	1979
7758	1996
7755	1991
7754	1995
7757	1995
7756	1997
7751	1990
7750	1997
7753	1993
7752	1995
3939	1950
3938	1952
3935	1952
3934	1950
3937	1952
3936	1952
3931	1954
3930	1953
3933	1952
3932	1955
8332	2001
8333	2001
8330	2003
8331	2003
3265	1949
8337	2006
6718	1978
6719	1986
6716	1985
6717	1980
6714	1985
6715	1989
6712	1982
6713	1984
6710	1986
6711	1985
4044	1952
4045	1955
4046	1954
4047	1952
4040	1950
4041	1952
4042	1950
4043	1953
4048	1955
4049	1954
3665	1954
3664	1952
3667	1953
3666	1955
3661	1950
3660	1952
3663	1955
3662	1950
3669	1955
3668	1955
5582	1966
446	1901
2578	1931
2579	1935
2576	1935
2577	1935
2574	1934
2575	1935
2572	1937
2573	1935
2570	1932
2571	1934
3593	1952
3592	1951
3591	1953
3590	1953
3597	1950
3596	1954
5038	1967
3594	1952
5036	1968
5037	1966
5034	1968
5035	1963
5032	1966
5033	1964
5030	1963
5031	1965
4435	1957
4434	1957
4437	1957
4436	1959
4431	1960
4430	1959
4433	1960
4432	1957
4439	1959
4438	1959
977	1910
976	1911
975	1915
974	1910
973	1915
972	1918
971	1917
970	1919
979	1917
978	1919
7952	1991
8756	2001
8757	2005
8927	2001
8926	2006
8925	2002
8924	2001
8923	2000
8922	2006
8921	2002
8920	2001
8929	2003
8928	2000
3386	1942
3387	1946
3384	1945
7100	1987
7101	1986
7102	1988
5417	1963
7104	1980
7105	1980
7106	1979
7107	1987
7108	1986
5410	1965
5411	1965
5412	1966
5413	1967
1681	1931
1680	1933
1683	1936
1682	1930
1685	1935
1684	1930
1687	1936
1686	1931
1689	1936
1688	1935
653	1903
1469	1924
1468	1926
1465	1926
1464	1925
1467	1924
1466	1928
1461	1921
1460	1928
1463	1929
1462	1928
4239	1959
4238	1960
4237	1958
4236	1960
4235	1957
4234	1957
4233	1958
4232	1956
4231	1956
4230	1958
5591	1967
5590	1964
5593	1962
5592	1961
5595	1968
5594	1963
5597	1962
5596	1964
5599	1966
5598	1962
3035	1942
319	1896
318	1892
313	1891
312	1896
311	1892
310	1899
317	1892
316	1895
315	1890
314	1894
4213	1950
443	1907
442	1908
441	1900
440	1907
447	1904
4218	1960
445	1900
444	1903
8699	2003
8698	2002
2299	1938
2298	1937
8129	2003
2293	1938
2292	1932
2291	1937
2290	1938
2297	1931
2296	1931
2295	1935
2294	1932
8695	2000
8694	2003
8125	1991
8124	1996
8691	2002
8690	2000
8693	2002
8139	2004
8692	2004
7290	1982
7291	1982
7292	1986
7293	1986
7294	1978
7295	1984
7296	1983
7297	1986
7298	1985
7299	1980
7704	1996
7928	1999
7929	1996
7705	1996
6299	1972
6298	1970
6297	1973
6296	1972
6295	1972
5578	1961
6293	1973
6292	1973
6291	1970
6290	1969
5574	1968
5572	1966
4672	1960
7708	1991
7709	1992
8511	2001
3438	1945
3439	1944
878	1915
879	1917
3430	1940
3431	1940
874	1913
3433	1941
3434	1946
873	1913
3436	1943
3437	1946
2741	1944
2740	1941
2743	1940
2742	1947
2745	1949
2744	1947
2747	1948
2746	1944
4844	1964
2748	1947
4846	1967
4847	1962
4840	1961
4841	1965
4842	1965
2038	1930
5201	1963
5200	1966
5203	1962
5202	1964
5205	1962
5204	1963
5207	1961
5206	1964
5209	1963
5208	1964
3049	1942
3048	1946
3041	1946
3040	1941
3043	1941
3042	1946
3045	1947
3044	1946
3047	1945
3046	1948
7522	1990
1094	1925
1095	1924
1096	1929
1097	1929
1090	1926
1091	1928
1092	1928
1093	1921
1912	1931
1098	1925
1099	1929
7523	1995
1915	1939
8349	2002
1322	1921
1323	1927
1320	1928
1321	1924
1326	1922
1327	1922
1914	1937
1325	1928
1328	1921
1329	1924
6451	1971
6450	1976
6453	1971
6452	1973
6455	1975
6454	1975
6457	1970
6456	1971
6459	1969
6458	1976
8136	2000
8137	2000
8130	2004
8131	2002
6909	1986
6908	1978
7739	1996
7738	1999
7733	1993
7732	1994
7731	1991
7730	1995
7737	1998
7736	1994
7735	1991
7734	1996
1916	1937
3958	1953
3953	1953
3952	1954
3951	1952
3950	1955
3957	1954
3956	1951
3955	1955
3954	1955
8358	2004
8359	2000
8350	2004
8351	2002
8352	2006
8353	2003
8354	2002
8355	2004
8356	2006
8357	2000
1546	1929
4062	1951
4063	1950
4060	1953
4061	1955
4066	1952
4067	1951
4064	1954
4065	1951
4068	1950
4069	1951
5784	1977
5785	1971
5786	1977
5787	1973
5780	1973
5781	1973
5782	1975
5783	1976
5788	1977
5789	1969
3603	1952
3602	1951
3601	1953
3600	1950
3607	1954
3606	1955
3605	1953
3604	1953
3609	1955
3608	1950
4593	1956
7529	1998
4453	1959
4452	1956
4451	1958
4450	1957
4457	1960
4456	1959
4455	1957
4454	1960
4459	1956
4458	1956
959	1910
958	1914
951	1919
950	1916
953	1912
952	1916
955	1910
954	1911
957	1918
956	1912
7185	1988
6334	1970
6335	1975
6336	1975
6337	1969
6330	1971
6331	1969
6332	1975
6333	1974
6338	1976
6339	1970
8909	2002
8908	2000
717	1913
8904	2006
8907	2000
8906	2001
8901	2006
8900	2000
8903	2002
8902	2003
4969	1968
4968	1964
716	1913
7129	1988
7126	1979
7127	1979
7124	1984
7125	1978
7122	1980
2178	1931
7120	1982
7121	1981
4964	1967
6841	1980
1669	1938
1668	1937
1667	1936
1666	1932
1665	1931
1664	1939
1663	1933
1662	1930
1661	1934
1660	1933
591	1909
590	1901
593	1905
592	1909
595	1902
594	1905
597	1906
596	1900
599	1901
598	1900
2828	1942
2829	1940
2824	1948
2825	1947
2826	1947
2827	1943
2820	1946
2821	1941
2822	1941
2823	1944
5414	1966
5415	1967
5416	1961
3385	1942
3382	1947
3383	1949
3380	1944
3381	1945
5418	1968
5419	1963
3388	1945
3389	1941
1409	1928
1408	1927
1403	1927
1402	1922
1401	1926
1400	1924
1407	1926
1406	1921
1405	1925
1404	1924
4215	1952
4214	1950
4217	1956
4216	1955
4211	1950
4210	1953
1491	1928
4212	1951
5790	1970
4219	1960
1544	1929
1545	1927
1542	1922
1543	1926
3261	1943
1540	1921
5579	1963
3260	1945
5577	1962
5576	1964
5575	1964
1541	1929
5573	1967
3263	1945
5571	1966
5570	1967
3262	1948
5799	1976
1937	1930
5798	1975
3264	1947
339	1891
3267	1947
335	1893
334	1899
337	1899
3266	1947
331	1897
330	1899
333	1890
332	1896
3269	1947
5125	1964
5126	1968
5127	1966
5002	1966
3195	1940
3200	1944
1497	1926
6109	1970
6108	1970
6107	1971
6106	1973
6105	1971
6104	1972
6103	1975
6102	1974
6101	1973
6100	1970
8029	1992
3416	1941
3417	1942
3414	1943
3415	1946
3412	1947
3413	1947
3410	1949
3411	1941
8532	2003
3418	1947
3419	1944
8533	2006
8534	2002
8535	2005
4868	1962
4869	1961
2019	1938
2018	1933
2015	1938
2014	1939
2017	1933
2016	1937
2011	1931
2010	1934
2013	1939
4865	1964
7444	1997
9034	2005
9035	2006
9038	2001
9039	2006
7013	1989
458	1905
1349	1927
450	1907
451	1901
1342	1925
453	1900
454	1902
455	1903
1346	1924
1347	1925
8118	1992
8119	1998
6929	1987
6928	1979
6925	1987
6924	1978
6927	1989
6926	1981
6921	1987
6920	1980
6923	1978
6922	1989
7711	1991
7710	1999
7713	1996
7712	1999
7715	1999
7714	1999
7717	1996
7716	1990
7719	1991
7718	1990
832	1917
8376	2004
8377	2000
8374	2005
8375	2006
8372	2000
8373	2005
8370	2002
8371	2000
833	1914
8378	2006
8379	2006
8074	1995
752	1916
4008	1950
4009	1955
4000	1950
4001	1955
4002	1955
4003	1954
4004	1953
4005	1955
4006	1950
4007	1955
3971	1951
3970	1952
3973	1952
3972	1954
3975	1955
3974	1952
3977	1953
3976	1953
3979	1955
3978	1951
3629	1953
3628	1952
3621	1953
3620	1951
3623	1951
3622	1951
3625	1953
3624	1952
3627	1954
3626	1953
4479	1958
4478	1960
2955	1945
4471	1956
4470	1956
4473	1960
4472	1960
4475	1957
4474	1958
4477	1957
4476	1956
2953	1944
2464	1939
2465	1936
2466	1930
2467	1931
2460	1930
2461	1938
2462	1939
2463	1931
2468	1938
2469	1938
1026	1915
1021	1917
1020	1914
1023	1912
5343	1968
6312	1969
6313	1973
6310	1976
6311	1972
6316	1977
6317	1970
6314	1971
6315	1974
8530	2005
6318	1970
6319	1973
5348	1967
5349	1962
8531	2001
7684	1996
8969	2003
8968	2004
8963	2003
8962	2000
8961	2006
8960	2005
8967	2000
8966	2006
8965	2000
8964	2002
1645	1926
1644	1928
1647	1922
1646	1928
1641	1927
1640	1927
1643	1927
1642	1929
1649	1930
1648	1928
579	1904
578	1907
573	1903
572	1906
571	1909
570	1907
577	1901
576	1907
575	1904
574	1900
2808	1940
2809	1948
2802	1944
2803	1940
2800	1949
2801	1949
2806	1945
2807	1947
2804	1940
2805	1940
5432	1963
5433	1964
1423	1929
5431	1963
5436	1967
5437	1968
5434	1968
5435	1962
3364	1940
3365	1941
5438	1965
5439	1962
3360	1949
3361	1941
3362	1944
3363	1949
4273	1956
4272	1957
4271	1960
4270	1959
4277	1959
4276	1959
4275	1959
4274	1958
1201	1928
4279	1960
4278	1960
1200	1922
5555	1966
4862	1967
5557	1968
5556	1966
5551	1967
5550	1961
5553	1961
4863	1967
5559	1963
4860	1964
4861	1964
4866	1968
4867	1966
8589	2006
8588	2006
4864	1962
8581	2000
8580	2006
8583	2001
2012	1939
8585	2000
8584	2001
8587	2006
8586	2006
5129	1962
5883	1970
5882	1970
5881	1973
5880	1976
5887	1976
5886	1972
5885	1974
5884	1971
5889	1973
5888	1972
6554	1979
6555	1987
6556	1986
6557	1982
6550	1983
6551	1985
6552	1985
5873	1972
6558	1987
6559	1983
8270	2006
5875	1970
357	1895
356	1892
355	1892
354	1896
353	1894
352	1899
351	1889
350	1890
7508	1996
7509	1995
359	1889
358	1899
6125	1969
4855	1968
6127	1969
6126	1977
6121	1969
6120	1972
6123	1972
6122	1971
6129	1974
6128	1972
8677	2003
2190	1931
3225	1940
4632	1958
2192	1934
2193	1933
2259	1931
2258	1937
2257	1938
4637	1959
2255	1935
2254	1937
2253	1933
2252	1932
2251	1939
4636	1956
3224	1947
4635	1959
4634	1958
4800	1962
3227	1943
4802	1961
4638	1960
4804	1965
4805	1966
4806	1967
4807	1964
4808	1964
4809	1967
2789	1940
2788	1944
2079	1938
2078	1936
2073	1935
2072	1939
2071	1937
2070	1936
2077	1939
2076	1939
2075	1932
2074	1935
3221	1941
8790	2005
3220	1947
8791	2001
3223	1942
8410	2005
8415	2002
3222	1949
7081	1980
7080	1979
7083	1979
7082	1986
7085	1986
7084	1989
7087	1983
7086	1985
7089	1987
7088	1989
6495	1989
6494	1981
6497	1978
6496	1986
6491	1980
6490	1985
6493	1985
6492	1980
8178	2004
8179	2002
6499	1979
6498	1981
6949	1986
6948	1978
6943	1983
6942	1982
6941	1988
6940	1982
6947	1985
6946	1978
6945	1978
6944	1984
8998	2006
8398	2004
8399	2000
8394	2006
8395	2001
8396	2006
8397	2004
8390	2000
8391	2004
8392	2000
8393	2000
4398	1957
4399	1959
4390	1958
4391	1959
4392	1957
4393	1957
4394	1959
4395	1957
4396	1956
4397	1957
3197	1945
1367	1923
470	1908
3194	1940
3193	1949
3192	1946
3191	1946
3190	1944
478	1909
479	1905
3199	1943
3198	1947
4026	1953
4027	1951
4024	1954
4025	1950
4022	1955
4023	1950
4020	1955
4021	1951
4028	1950
4029	1950
8506	2001
3999	1954
3998	1955
3997	1950
3996	1954
3995	1953
3994	1954
3993	1950
3992	1951
3991	1954
3990	1951
8165	2005
8999	2004
8697	2000
8164	2000
298	1895
299	1892
296	1893
297	1889
294	1896
295	1889
292	1898
293	1889
290	1889
291	1891
587	1903
581	1908
5487	1966
2442	1931
2443	1936
2440	1939
2441	1935
2446	1935
2447	1934
2444	1930
2445	1934
2448	1937
2449	1932
7867	1997
7866	1992
7865	1993
7864	1994
7863	1999
7862	1997
7861	1992
7860	1998
5486	1962
7869	1990
7868	1996
8829	2005
6378	1971
6379	1973
5485	1967
6371	1971
6372	1974
6373	1971
6374	1970
6375	1976
6376	1973
6377	1976
5484	1961
8941	2000
8940	2003
8943	2006
8942	2001
8945	2000
8944	2005
8947	2003
8946	2001
8949	2005
8948	2003
5483	1968
5407	1965
5406	1964
7394	1990
1434	1922
5482	1963
1435	1924
1432	1923
1433	1929
1623	1927
1622	1927
1621	1926
1620	1925
1627	1922
1626	1920
1625	1920
1624	1929
1999	1937
1998	1938
1629	1925
1628	1929
3209	1948
3208	1945
5058	1965
5059	1967
2860	1948
2861	1942
2862	1943
2863	1940
559	1903
558	1908
2866	1940
2867	1946
555	1907
554	1904
557	1902
556	1909
551	1901
550	1903
553	1909
552	1904
3539	1950
1438	1929
5055	1962
5408	1962
1199	1928
1198	1924
3348	1942
3349	1948
1191	1927
1190	1926
1193	1925
1192	1921
1195	1925
1194	1922
1197	1927
1196	1924
7942	1990
4259	1956
4258	1959
4251	1957
4250	1960
4253	1957
4252	1960
4255	1958
4254	1958
4257	1958
4256	1956
5533	1961
5532	1965
5531	1966
5530	1967
5537	1963
5536	1964
5535	1967
5534	1963
5539	1965
5538	1968
1348	1927
459	1907
4263	1956
6572	1989
6573	1987
6570	1982
6571	1988
6576	1989
6577	1981
6574	1982
6575	1988
6578	1983
6579	1979
5100	1964
7694	1995
1340	1925
7696	1991
7697	1994
7690	1990
7691	1990
7692	1993
1341	1926
7698	1995
452	1905
3834	1955
3835	1950
3836	1953
3837	1955
3830	1951
3831	1950
3832	1954
3833	1954
1344	1921
3838	1950
3839	1952
1345	1924
456	1902
457	1904
379	1907
378	1909
7520	1996
7521	1991
7526	1994
7527	1993
7524	1992
7525	1991
371	1908
370	1904
373	1900
372	1908
375	1908
374	1909
377	1907
376	1909
6143	1972
6142	1975
6141	1970
6140	1972
6147	1974
6146	1973
6145	1976
6144	1972
6149	1969
6148	1971
8110	1998
8111	1996
5104	1965
8116	1994
8117	1996
8114	1997
8115	1995
5549	1968
6500	1988
2275	1934
2274	1939
2277	1936
2276	1939
2271	1933
2270	1933
2273	1931
2272	1931
2279	1936
2278	1938
5543	1966
5545	1964
2051	1936
2050	1936
2053	1938
2052	1937
2055	1933
2054	1939
2057	1939
4829	1965
2059	1936
2058	1935
4824	1965
4537	1956
4822	1962
4531	1958
4532	1957
4821	1966
7980	1993
7981	1997
7982	1997
7983	1998
7984	1995
7985	1993
7986	1996
7987	1999
7988	1992
7989	1990
8595	2002
7324	1999
7325	1996
7326	1992
3783	1951
7320	1992
7321	1998
7322	1998
7323	1995
7328	1994
7329	1999
8858	2003
8853	2000
8852	2006
8851	2006
8850	2003
7069	1979
7068	1988
7067	1981
7066	1979
7065	1985
7064	1981
7063	1979
7062	1986
7061	1986
7060	1980
8855	2000
8854	2002
3786	1954
6961	1986
6960	1978
6963	1978
6962	1984
6965	1987
6964	1983
6967	1988
6966	1988
6969	1978
6968	1978
8154	2002
8155	2005
8152	2000
8153	2004
8150	2006
8151	2003
5899	1977
8228	2002
8229	2001
6465	1976
414	1904
415	1902
416	1906
417	1902
410	1903
411	1907
412	1903
413	1904
1384	1923
1385	1924
1386	1928
1387	1921
418	1905
419	1907
1382	1923
1383	1926
8107	1994
1775	1933
1774	1931
1777	1930
5277	1966
5270	1967
1770	1938
5463	1968
5272	1964
5273	1962
5462	1967
5278	1964
5279	1961
5465	1965
6688	1980
6689	1980
6680	1988
6681	1989
6682	1988
6683	1984
6684	1978
6685	1987
5464	1961
6687	1983
2428	1932
2429	1934
2420	1938
2421	1931
2422	1938
2423	1933
2424	1937
2425	1933
2426	1935
2427	1936
7849	1995
7848	1991
7845	1999
7844	1992
7847	1996
7846	1998
5467	1962
7840	1991
7843	1998
7842	1995
6356	1971
6357	1977
6354	1975
6355	1972
6352	1972
6353	1972
6350	1976
6351	1974
6358	1973
6359	1976
3461	1947
5466	1961
3460	1940
1814	1934
1815	1933
1816	1931
1817	1937
1810	1933
1811	1932
1812	1935
1813	1934
1818	1934
1819	1936
2165	1933
2164	1938
8109	1993
2167	1934
1609	1921
1608	1927
2166	1932
3229	1940
3228	1949
1979	1935
1978	1931
1977	1931
1976	1932
1975	1937
1974	1933
1973	1930
1972	1935
1971	1937
1970	1934
2163	1934
8108	1996
4955	1965
2848	1943
2849	1945
2846	1949
2847	1949
2844	1940
2845	1947
2842	1941
2843	1949
2840	1942
2841	1949
3320	1942
3321	1948
3322	1946
3323	1947
3324	1947
3325	1948
3326	1945
3327	1946
3328	1946
3329	1942
5478	1966
5479	1962
5519	1962
5518	1966
5511	1962
3038	1942
5513	1962
5512	1966
5515	1966
5514	1968
5517	1962
1554	1920
537	1907
536	1906
535	1900
534	1900
533	1900
532	1909
531	1908
530	1903
539	1905
538	1901
1908	1931
1909	1938
3294	1947
1907	1932
3296	1942
6518	1986
6519	1989
1905	1933
6510	1978
1902	1939
6512	1988
6513	1984
6514	1984
6515	1989
6516	1979
3291	1942
5131	1963
1901	1936
3812	1953
3813	1953
3810	1953
3811	1955
3816	1954
3817	1950
3814	1950
3815	1955
3818	1952
3819	1954
8457	2000
8456	2001
8455	2003
8454	2005
8453	2005
8452	2006
8451	2005
8450	2003
8459	2005
8458	2000
7548	1996
7549	1998
7540	1999
7541	1996
7542	1992
7543	1994
7544	1996
7545	1994
7546	1992
7547	1993
6169	1970
6168	1977
6161	1972
6160	1969
6163	1972
6162	1976
6165	1974
6164	1970
6167	1971
6166	1972
8856	2001
2213	1934
2212	1932
2211	1939
2210	1934
2217	1938
2216	1933
2215	1939
2214	1931
2219	1933
2218	1936
6137	1974
4518	1957
4519	1958
4512	1957
4513	1957
4510	1956
4511	1959
4516	1959
4517	1960
4514	1957
4515	1957
5289	1961
5288	1963
5281	1963
5280	1964
5283	1966
5282	1967
5285	1961
5284	1968
5287	1964
5286	1963
7615	1994
9025	2006
9024	2003
9027	2006
7302	1998
7303	1999
7300	1982
7301	1989
7306	1990
7307	1991
7304	1990
7305	1996
9021	2004
7308	1990
7309	1990
9020	2000
9023	2000
9022	2002
7045	1989
7044	1982
7047	1984
7046	1989
7041	1985
7040	1987
7043	1978
7042	1981
7049	1979
7048	1982
8608	2000
8609	2004
6989	1985
6988	1988
6987	1986
6986	1978
6985	1986
6984	1988
6983	1980
6982	1984
6981	1983
6980	1980
7693	1993
2989	1940
2988	1940
2983	1940
2982	1946
2981	1947
2980	1948
2987	1945
2986	1940
2985	1945
2984	1944
1018	1917
1019	1912
1014	1911
1015	1910
1016	1918
1017	1917
1010	1914
1011	1913
1012	1917
1013	1914
4358	1959
4359	1958
4354	1958
4355	1958
4356	1956
4357	1958
4350	1958
4351	1958
4352	1956
4353	1959
438	1901
439	1901
436	1903
437	1903
434	1906
435	1906
432	1907
433	1909
430	1900
431	1903
1436	1928
5708	1976
5709	1973
5704	1971
5705	1970
5706	1970
5707	1969
5700	1975
5701	1971
5702	1970
5703	1974
1437	1924
8025	1994
1050	1925
1051	1927
1052	1927
1430	1927
7829	1992
5354	1962
7823	1995
1054	1925
7821	1993
7820	1996
7827	1997
7826	1998
7825	1994
1055	1922
1056	1928
1057	1926
1431	1924
8985	2001
8984	2001
8987	2006
8986	2000
8981	2004
8980	2000
8983	2005
8982	2006
8989	2000
8988	2006
1832	1939
1833	1932
1830	1938
1831	1930
1836	1938
3798	1952
1834	1939
1835	1938
3795	1951
3794	1950
1838	1935
3796	1954
3791	1953
3790	1951
3793	1950
3792	1950
4981	1965
4980	1963
4983	1962
2157	1935
4985	1961
4984	1963
2400	1933
4986	1961
4989	1963
4988	1964
2158	1935
2159	1931
2408	1936
2409	1933
1955	1937
1954	1939
1957	1931
1956	1937
1951	1936
1950	1936
1953	1933
1952	1939
1959	1933
1958	1933
3249	1949
3248	1947
3243	1948
3242	1941
3241	1941
3240	1945
3247	1941
3246	1944
3245	1948
1990	1938
4925	1963
1993	1935
1483	1927
1482	1924
1481	1921
1480	1921
1487	1927
1486	1922
1485	1929
1484	1921
3306	1947
3307	1943
1489	1925
1488	1920
3302	1945
3303	1943
3300	1945
3301	1945
1992	1938
612	1907
613	1905
610	1900
1273	1928
1995	1934
1275	1929
2060	1933
614	1903
2061	1932
615	1909
2062	1933
2063	1931
1994	1935
2064	1936
2065	1937
519	1904
518	1904
2066	1937
511	1901
510	1900
513	1905
512	1906
515	1902
514	1901
517	1902
516	1906
1227	1923
1226	1921
621	1907
1224	1921
1223	1923
1222	1929
1221	1925
1220	1923
629	1907
628	1908
1229	1924
1228	1921
6536	1981
6537	1984
6534	1984
6535	1982
6532	1981
6533	1988
6530	1978
6531	1988
8299	2003
8298	2000
8792	2000
6538	1982
6539	1980
8793	2004
8794	2000
8795	2006
8796	2002
8797	2000
3878	1954
3879	1953
3870	1950
3871	1954
3872	1951
3873	1955
3874	1953
3875	1953
3876	1950
3877	1951
8479	2005
8478	2002
8475	2000
8474	2004
8477	2002
8476	2006
8471	2001
8470	2002
8473	2001
8472	2002
7566	1996
7567	1994
7564	1993
7565	1998
7562	1992
7563	1996
7560	1991
7561	1990
7568	1996
7569	1993
4167	1954
4166	1955
4165	1955
4164	1951
4163	1951
4162	1953
4161	1954
4160	1953
4169	1952
4168	1953
8646	2003
2239	1938
2238	1932
2231	1932
2230	1931
2233	1932
2232	1931
2235	1933
2234	1936
2237	1936
2236	1932
5937	1974
5936	1971
5935	1972
5934	1973
5933	1973
5932	1971
5931	1969
5930	1970
5939	1969
5938	1975
4608	1957
3498	1943
3499	1946
3496	1947
3497	1949
3494	1948
3495	1949
3492	1941
3493	1943
3490	1947
3491	1944
2095	1933
2094	1935
4572	1959
4573	1959
2091	1933
2090	1930
4576	1956
2092	1935
4578	1958
4579	1959
7699	1992
2099	1934
2098	1932
8423	2000
4605	1957
7368	1990
7369	1997
3333	1946
7361	1994
7362	1992
7363	1996
7364	1992
7365	1990
7366	1998
7367	1995
3	1891
7023	1987
7022	1981
7021	1984
7020	1983
7027	1980
7026	1979
7025	1982
7024	1987
7029	1987
7028	1979
9009	2005
9008	2005
9012	2000
7594	1995
9013	2005
7799	1999
7798	1999
7791	1995
7790	1998
7793	1997
7792	1991
7795	1999
7794	1990
7797	1990
7796	1994
1038	1919
1039	1919
1032	1918
1033	1912
1030	1913
1031	1912
1036	1911
1037	1913
1034	1912
1035	1918
4378	1960
4379	1958
4372	1959
4373	1958
4370	1958
4371	1960
4376	1956
4377	1960
4374	1959
4375	1960
8660	2000
8661	2000
8662	2001
8663	2002
8664	2005
8665	2003
8666	2006
8667	2003
8668	2006
8669	2001
4080	1955
4081	1954
4082	1954
4083	1955
4084	1955
4085	1952
4086	1951
4087	1950
4088	1953
4089	1951
5728	1973
5729	1974
5722	1973
5723	1974
5720	1971
5721	1971
5726	1970
5727	1974
5724	1975
5725	1975
8084	1995
8085	1991
8086	1996
8087	1997
8080	1995
8081	1995
8082	1998
8083	1993
8088	1993
8089	1998
6648	1982
6649	1979
6644	1989
6645	1988
6646	1981
6647	1980
6640	1985
6641	1980
6642	1989
6643	1983
7801	1990
7800	1990
7803	1990
7802	1992
7805	1999
7804	1997
7807	1990
7806	1995
7809	1997
7808	1991
6398	1972
6399	1969
6392	1974
6393	1969
6390	1970
6391	1971
6396	1974
6397	1971
6394	1974
6395	1974
2396	1937
2397	1937
2394	1930
2395	1937
2392	1930
2393	1936
2390	1934
2391	1935
2398	1932
2399	1935
1858	1934
1859	1939
5693	1975
1850	1938
1851	1935
1852	1938
1853	1934
1854	1935
1855	1936
1856	1930
1857	1934
2172	1938
2173	1932
2170	1933
2171	1932
2176	1934
2177	1935
2174	1938
2175	1938
4967	1961
4966	1965
4965	1967
2179	1937
4963	1961
4962	1968
4961	1965
4960	1962
1421	1928
5694	1977
1420	1923
5695	1971
5430	1961
1933	1931
1932	1938
1931	1935
1930	1939
5128	1964
1936	1932
1935	1939
1934	1936
5124	1965
3268	1947
1939	1933
1938	1933
5120	1962
5121	1962
5122	1966
5123	1964
7944	1992
1427	1928
7945	1998
1426	1925
7946	1995
1429	1925
7947	1998
1428	1927
7940	1993
3366	1941
7941	1991
3367	1941
7230	1986
7943	1998
6886	1982
6887	1988
6884	1984
6885	1978
6882	1984
6883	1987
6880	1985
6881	1988
6888	1982
6889	1988
605	1900
604	1902
607	1909
606	1908
601	1909
600	1902
603	1904
602	1904
1205	1925
1204	1924
1207	1921
1206	1928
609	1903
608	1904
1203	1921
1202	1929
8106	1994
8279	2004
8278	2004
8277	2006
8101	1997
8275	2001
8274	2003
8273	2006
8272	2001
8271	2006
8100	1993
1353	1926
1352	1925
1351	1922
1350	1922
461	1901
1356	1921
8419	2005
8418	2002
463	1909
8413	2001
8412	2006
8411	2003
462	1903
8417	2006
8416	2001
8265	2005
8414	2006
7588	1992
7589	1991
5554	1964
7584	1992
7585	1997
7586	1993
7587	1993
7580	1991
7581	1995
7582	1991
7583	1997
5552	1967
6950	1978
6951	1987
6952	1981
6953	1984
4149	1950
4148	1954
4145	1950
4144	1950
4147	1952
4146	1952
4141	1955
4140	1955
4143	1950
4142	1955
3856	1953
3857	1953
3854	1954
3855	1952
3852	1953
3853	1952
3850	1953
3851	1954
6957	1984
3858	1950
3859	1955
1062	1929
5919	1976
5918	1971
5915	1973
5914	1973
5917	1974
5916	1977
5911	1971
5910	1977
5913	1969
5912	1974
4558	1957
4559	1956
4556	1958
4557	1956
4554	1959
4555	1960
4552	1960
4553	1959
4550	1957
4551	1956
8582	2004
6077	1973
6076	1973
6075	1972
6074	1977
6073	1977
6072	1971
6071	1973
6070	1971
6079	1971
6078	1977
2617	1935
2616	1933
2615	1939
2614	1930
2613	1935
2612	1935
2611	1933
2610	1936
2619	1949
2618	1936
7346	1999
7347	1997
7344	1991
7345	1991
7342	1990
7343	1993
7340	1990
7341	1991
7348	1990
7349	1992
1186	1927
1187	1924
7009	1989
7008	1979
9029	2000
9028	2006
7001	1988
7000	1984
7003	1978
7002	1982
7005	1980
7004	1984
7007	1988
7006	1988
1184	1928
740	1919
741	1914
742	1910
743	1912
744	1916
745	1916
746	1912
747	1913
748	1916
749	1912
1185	1926
2949	1943
2948	1940
2947	1941
2946	1948
2945	1944
2944	1943
2943	1947
2942	1941
2941	1943
2940	1946
5357	1966
5356	1967
5355	1961
1053	1929
5353	1964
5352	1962
5351	1964
5350	1963
1058	1928
1059	1928
5359	1968
5358	1966
4310	1959
4311	1959
4312	1956
4313	1958
4314	1960
4315	1958
4316	1958
4317	1957
4318	1960
4319	1958
1180	1928
3119	1942
3118	1945
3117	1949
3116	1942
3115	1948
3114	1940
3113	1940
3112	1944
3111	1947
3110	1946
8648	2006
8649	2004
5795	1974
8647	2005
8644	2002
8645	2006
8642	2005
8643	2003
8640	2004
8641	2002
1181	1926
5740	1971
5741	1976
5742	1969
5743	1973
5744	1976
5745	1974
5746	1970
5747	1970
5748	1970
5749	1973
5267	1963
5266	1967
1702	1931
1703	1935
5263	1964
5262	1968
5261	1965
5260	1962
5794	1977
2137	1932
6668	1988
6669	1987
6662	1981
6663	1987
6660	1985
6661	1988
6666	1979
6667	1978
6664	1983
6665	1987
7	1891
1602	1924
2135	1937
2378	1933
2379	1937
2374	1931
2375	1939
2376	1933
2377	1937
2370	1932
2371	1935
2372	1933
2373	1935
1876	1937
1877	1932
1874	1932
1875	1939
1872	1936
1873	1930
1870	1930
1871	1938
1878	1933
1879	1931
4945	1967
4944	1965
4947	1966
4946	1962
4941	1964
4940	1965
4943	1963
4942	1961
4949	1961
4948	1966
2118	1932
2119	1932
6041	1969
2110	1931
2111	1938
2112	1936
2113	1933
2114	1936
2115	1932
2116	1935
2117	1937
1919	1939
1918	1937
5108	1967
5109	1964
3289	1943
3288	1940
5102	1965
5103	1964
1913	1937
5101	1961
5106	1966
3282	1949
3281	1940
3280	1942
883	1914
882	1910
881	1918
880	1914
887	1916
886	1915
885	1915
884	1916
889	1913
888	1910
5245	1965
7504	1994
7505	1991
7506	1995
7507	1995
7500	1993
5792	1975
8766	2000
7501	1991
7502	1991
6616	1986
7503	1994
6868	1978
6869	1987
6864	1981
6865	1988
6866	1985
6867	1988
6860	1989
6861	1986
6862	1984
6863	1988
8255	2005
8254	2005
1269	1928
1268	1920
8251	2002
8250	2002
669	1909
668	1901
667	1902
1262	1926
665	1909
664	1900
663	1905
662	1909
1265	1925
1264	1927
1911	1934
8789	2006
8788	2006
1910	1930
8783	2000
8782	2002
8781	2002
8780	2004
8787	2004
3285	1947
8785	2005
8784	2000
3284	1947
7618	1994
7619	1999
7614	1994
3283	1946
7616	1999
7617	1995
7610	1999
7611	1999
7612	1997
5107	1966
1917	1933
5105	1962
8431	2005
8430	2001
8433	2000
8432	2000
8435	2001
8434	2002
8437	2002
8436	2006
8439	2004
8438	2001
6124	1970
8516	2006
8517	2006
8514	2006
8515	2000
8512	2003
8513	2005
4129	1951
4128	1953
8510	2005
4123	1954
4122	1954
4121	1953
4120	1952
4127	1955
4126	1952
4125	1954
4124	1952
5689	1974
5688	1970
5685	1973
5684	1971
5687	1969
5686	1970
5681	1972
5680	1973
5683	1973
5682	1973
8760	2000
5979	1974
5978	1971
5973	1974
5972	1977
5971	1971
5970	1969
5977	1972
5976	1972
5975	1973
5974	1969
2587	1937
2586	1935
2585	1933
2584	1933
2583	1932
2582	1934
2581	1938
2580	1930
2589	1930
2588	1938
280	1889
6059	1975
6058	1974
6055	1969
6054	1971
6057	1977
286	1892
6051	1973
6050	1969
6053	1976
6052	1973
2639	1946
2638	1940
2635	1944
2634	1941
2637	1944
2636	1942
2631	1949
2630	1942
2633	1942
2632	1942
9043	2005
9042	2004
9041	2005
9040	2001
9047	2003
9046	2006
9045	2000
9044	2005
3544	1953
3545	1951
3546	1953
3547	1952
3540	1952
3541	1950
3542	1951
3543	1953
3548	1955
3549	1951
2965	1945
2964	1941
2967	1943
2966	1942
2961	1945
2960	1943
2963	1945
2962	1940
762	1914
763	1915
760	1919
761	1917
2969	1944
2968	1943
764	1911
765	1910
5379	1963
5378	1962
1078	1924
1079	1929
5375	1968
5374	1968
5377	1965
1075	1928
5371	1968
5370	1964
5373	1965
5372	1964
5583	1967
4338	1960
4339	1959
4336	1960
4337	1956
4334	1958
4335	1956
4332	1957
4333	1958
4330	1960
4331	1960
3135	1942
5182	1967
3137	1949
3136	1949
3131	1947
3130	1948
3133	1943
3132	1944
3139	1940
3138	1946
1533	1922
5183	1967
5180	1963
5768	1972
5769	1972
5766	1969
5767	1971
5764	1973
5765	1970
5762	1973
5763	1976
5760	1969
5761	1972
1531	1924
5181	1961
8192	2003
8193	2000
5186	1961
8190	2000
8191	2000
2256	1937
8196	2002
8197	2004
8194	2000
5187	1967
8195	2005
2978	1940
7427	1992
7426	1990
7425	1997
2979	1944
7423	1994
7422	1990
7421	1998
7420	1993
2250	1934
7429	1993
7428	1996
5184	1967
6600	1983
6601	1984
6602	1985
6603	1980
6604	1986
6605	1979
6606	1978
6607	1988
6608	1979
6609	1980
5185	1964
2974	1940
2975	1942
5362	1964
4570	1956
1042	1916
5360	1962
5361	1962
5366	1966
5367	1964
4571	1957
5364	1968
5365	1962
2358	1933
2359	1936
2352	1933
2353	1939
2350	1932
2351	1932
2356	1930
5368	1965
2354	1933
2355	1937
5369	1967
1898	1933
1899	1931
3739	1951
3738	1950
3737	1950
3736	1954
3735	1954
3734	1954
3733	1952
1891	1939
3731	1954
3730	1955
4691	1960
4690	1959
4693	1957
4692	1957
4695	1959
4694	1958
4697	1958
4696	1959
4699	1957
4698	1958
4929	1963
4928	1962
2138	1939
2139	1930
5160	1961
5161	1964
5162	1965
5163	1964
5164	1962
5165	1962
5166	1962
4801	1961
5168	1963
5169	1961
2787	1949
4803	1965
2781	1947
2780	1945
2783	1946
2782	1942
8257	2000
8256	2003
8253	2006
8252	2000
1263	1929
666	1905
1261	1923
1799	1931
1798	1937
1793	1936
1267	1929
1791	1939
1790	1936
1797	1932
1796	1936
1795	1939
1794	1930
6848	1987
6849	1987
661	1909
6842	1989
6843	1987
6840	1983
660	1908
6846	1988
6847	1985
6844	1983
6845	1984
6590	1988
6591	1982
6592	1982
6593	1982
6594	1986
6595	1981
6596	1981
6597	1981
6598	1978
6599	1980
8239	2000
8238	2005
7638	1999
7639	1993
7632	1991
7633	1995
7630	1993
7631	1991
7636	1996
7637	1999
7634	1992
7635	1990
5344	1964
5345	1961
1241	1928
3093	1941
3090	1946
3091	1942
3096	1940
3097	1948
3094	1949
1530	1920
1249	1926
648	1908
3098	1946
3099	1941
5346	1961
1539	1928
1538	1921
4101	1952
4100	1951
4103	1955
4102	1953
4105	1951
4104	1953
4107	1955
4106	1954
4109	1950
4108	1950
7613	1993
3898	1954
3899	1954
3892	1952
3893	1954
3890	1952
3891	1953
3896	1954
3897	1955
3894	1952
3895	1954
5341	1964
8741	2002
5951	1972
5950	1973
5953	1977
5952	1974
5955	1976
5954	1975
5957	1977
5956	1970
5959	1973
5958	1970
1454	1921
1991	1930
1455	1925
5774	1974
6039	1969
6038	1969
6033	1973
6032	1972
6031	1973
6030	1969
6037	1975
6036	1970
6035	1976
6034	1973
2659	1944
2658	1946
2653	1944
2652	1949
2651	1940
2650	1949
2657	1948
2656	1941
2655	1948
2654	1942
7388	1998
7389	1992
7382	1993
7383	1999
7380	1999
7381	1996
7386	1991
7387	1992
7384	1991
7385	1990
5758	1974
1452	1922
3562	1955
3563	1951
3560	1950
1453	1929
3566	1954
3567	1951
3564	1953
3565	1953
3034	1943
3568	1952
3569	1951
4484	1959
4485	1957
4486	1960
4487	1958
4480	1960
4481	1956
4482	1956
4483	1958
4488	1959
4489	1960
2903	1947
2902	1940
2901	1948
2900	1943
708	1915
709	1916
2905	1942
147	1890
704	1911
705	1910
706	1913
2908	1944
700	1911
701	1915
702	1913
703	1916
2486	1932
5319	1963
5318	1961
5313	1965
5312	1966
5311	1962
141	1899
5317	1968
5316	1966
5315	1967
5314	1964
2487	1937
3214	1948
1987	1931
1984	1932
3153	1942
3152	1942
3151	1949
3150	1946
3157	1941
3156	1940
3155	1944
3154	1941
1982	1933
3159	1947
3158	1946
1983	1936
1980	1935
1981	1938
1260	1920
1639	1920
2482	1935
1459	1921
1266	1927
2483	1934
2480	1935
8574	2000
8575	2004
8576	2005
8577	2001
8570	2004
8571	2005
8572	2005
8573	2000
8578	2005
8579	2005
7409	1997
7408	1998
7405	1993
7404	1997
7407	1991
7406	1993
7401	1990
7400	1990
7403	1998
7402	1992
568	1905
569	1904
2816	1940
6628	1979
6629	1978
6626	1981
6627	1986
6624	1986
6625	1985
6622	1983
6623	1983
6620	1983
6621	1978
564	1903
565	1906
4714	1956
4715	1960
4716	1957
4717	1959
4710	1956
4711	1960
4712	1959
2337	1937
2338	1934
2339	1937
4718	1958
4719	1957
3715	1954
3714	1953
3717	1955
3716	1952
3711	1952
3710	1952
3713	1951
3712	1954
3719	1953
3718	1953
8189	2006
4909	1967
4908	1963
4679	1960
4678	1957
4901	1965
4676	1959
4903	1967
4674	1959
4673	1957
4904	1968
4671	1960
4670	1958
7437	1996
8188	2003
5148	1967
5149	1961
5146	1966
5147	1965
5144	1964
5145	1964
5142	1965
5143	1968
5140	1963
5141	1968
120	1892
121	1899
122	1898
123	1891
124	1889
125	1899
126	1897
127	1892
128	1889
129	1898
7957	1992
1188	1926
7956	1997
1189	1923
7955	1999
3377	1945
7954	1998
3376	1941
7953	1998
3375	1940
7224	1979
3374	1948
7951	1997
5421	1962
7950	1995
3372	1942
3371	1942
3370	1945
7247	1986
7246	1988
7245	1981
7244	1985
7243	1981
7242	1978
7241	1983
7240	1981
7249	1978
7248	1980
6820	1986
6821	1980
6822	1980
6823	1979
6824	1989
6825	1978
6826	1978
6827	1982
6828	1989
6829	1984
8817	2002
8816	2005
8815	2003
6676	1979
8813	2003
8812	2003
8811	2006
8810	2004
8819	2003
8818	2006
8219	2000
8170	2006
8749	2004
8171	2004
8211	2006
8210	2005
8213	2002
8212	2005
8215	2004
8172	2000
8217	2000
8216	2006
7650	1990
7651	1996
7652	1994
7653	1992
7654	1996
7655	1997
7656	1996
7657	1992
7658	1995
7659	1991
8175	2002
1997	1936
8176	2000
8177	2002
3393	1943
1519	1928
1518	1929
3392	1941
1515	1922
1514	1927
1517	1923
1516	1927
1511	1923
1510	1921
1513	1923
1512	1928
3395	1942
8899	2004
3394	1947
3397	1945
3396	1948
263	1893
262	1894
261	1889
260	1889
267	1890
266	1894
265	1899
264	1899
269	1894
268	1889
6011	1972
6010	1973
6013	1971
6012	1970
6015	1971
6014	1977
6017	1972
6016	1972
6019	1975
6018	1973
988	1919
989	1918
982	1914
983	1917
980	1916
981	1919
986	1917
987	1910
984	1919
985	1917
1388	1929
1389	1929
3508	1945
3509	1943
5089	1961
5088	1966
5083	1965
5082	1968
5081	1963
5080	1965
5087	1966
5086	1966
5085	1967
5084	1964
2671	1944
2670	1943
2673	1946
2672	1943
2675	1941
2674	1947
2677	1946
2676	1940
2679	1948
2678	1949
1209	1926
2929	1943
2928	1947
2921	1944
2920	1949
2923	1949
2922	1942
2925	1943
2924	1942
2927	1949
2926	1947
5331	1967
5330	1964
5333	1962
5332	1963
5335	1967
5334	1962
5337	1968
5336	1963
1208	1928
5338	1968
3179	1946
3178	1943
2037	1933
3171	1948
3170	1941
3173	1945
3172	1945
3175	1941
3174	1949
3177	1949
3176	1947
726	1919
727	1913
724	1918
725	1917
722	1918
723	1910
720	1914
721	1915
728	1913
729	1913
1164	1921
1165	1928
1166	1924
1167	1922
1160	1929
1161	1920
1162	1924
1163	1929
1168	1922
1169	1923
2035	1930
1366	1927
3196	1942
2034	1934
1380	1920
471	1908
476	1904
2785	1941
477	1908
1713	1937
474	1903
1712	1937
2033	1938
1711	1937
1381	1920
8552	2000
8553	2004
8550	2004
1710	1937
8008	1998
8009	1990
8554	2006
8555	2002
8004	1997
2784	1949
8006	1991
8007	1994
8000	1990
8001	1993
8002	1991
1716	1938
1715	1937
2032	1931
1714	1935
7469	1994
7468	1990
1368	1928
7463	1996
3728	1955
7461	1991
1369	1924
7467	1991
1719	1939
7465	1990
1864	1939
1718	1933
2031	1936
1869	1938
2786	1946
1868	1934
2030	1935
4930	1968
4931	1964
4932	1967
4933	1968
4934	1961
4935	1968
4732	1958
4733	1956
4730	1957
4731	1960
4736	1960
4737	1956
2318	1933
2319	1938
2316	1937
2317	1939
2314	1936
2315	1932
2312	1934
2313	1932
2310	1935
2311	1933
5854	1972
5855	1974
5856	1971
5857	1972
5850	1972
5851	1973
5852	1972
5853	1972
5858	1975
5859	1971
3773	1951
3772	1953
3771	1951
3770	1952
3777	1951
3776	1955
3775	1955
3774	1954
3779	1955
3778	1954
4655	1956
4654	1958
4657	1956
4656	1959
4651	1960
4650	1958
4653	1960
4652	1956
4659	1957
4658	1956
7889	1998
7888	1991
7881	1994
7880	1998
7883	1991
7882	1993
7885	1993
7884	1996
7887	1997
7886	1995
108	1899
109	1890
102	1898
103	1893
100	1895
101	1898
106	1896
107	1897
104	1892
105	1889
6056	1972
7517	1999
7269	1989
7268	1986
7516	1992
7265	1980
7264	1989
7267	1978
7266	1985
7261	1982
7260	1978
7263	1981
7262	1986
6204	1976
6205	1970
6206	1975
6207	1977
6200	1976
6201	1976
6202	1976
6203	1970
7513	1995
6208	1969
6209	1973
7512	1994
7511	1994
6808	1989
6809	1982
6806	1989
6807	1981
6804	1980
6805	1982
6802	1980
6803	1985
6800	1982
6801	1989
8839	2006
8838	2001
8835	2006
8834	2002
8837	2004
8836	2002
8831	2004
8830	2003
8833	2002
8832	2000
7678	1992
7679	1990
7676	1996
7677	1992
7674	1997
7675	1991
7672	1990
7673	1991
7670	1991
7671	1996
1759	1930
1758	1931
1757	1938
1756	1937
1755	1938
1754	1930
1753	1937
1752	1936
1751	1939
1750	1935
1285	1923
1284	1927
1287	1926
1286	1922
1281	1926
1280	1924
1283	1920
1282	1926
1289	1929
1288	1929
8765	2003
8764	2000
1579	1920
1578	1929
689	1917
688	1917
8763	2006
8762	2000
685	1914
684	1912
687	1919
686	1913
681	1902
680	1908
683	1912
682	1910
8501	2005
8500	2003
1240	1923
8503	2005
8502	2001
8505	2002
8504	2000
8507	2004
5629	1968
5628	1965
5627	1963
1243	1929
5625	1962
5624	1963
5623	1965
5622	1962
5621	1966
5620	1967
8493	2000
8492	2006
8491	2002
8490	2006
8497	2004
8496	2002
8495	2003
8494	2000
8499	2005
8498	2001
1242	1928
5995	1976
5994	1971
5997	1974
5996	1975
5991	1970
5990	1973
5993	1974
5992	1969
5999	1972
5998	1971
7499	1995
1244	1922
6781	1978
6780	1983
6783	1984
6782	1987
6785	1980
6784	1987
6787	1983
6786	1986
6789	1985
6788	1980
1246	1926
7498	1999
245	1899
244	1891
247	1891
246	1896
241	1891
240	1899
243	1891
242	1890
249	1896
248	1894
7493	1992
7490	1994
7491	1993
3698	1950
3699	1953
3690	1953
3691	1953
3692	1952
3693	1953
3694	1954
3695	1955
3696	1955
3697	1950
2156	1934
3526	1953
3527	1953
3524	1954
3525	1950
3522	1955
3523	1955
3520	1953
3521	1953
3528	1951
3529	1952
1364	1929
338	1889
2150	1936
2699	1942
2698	1941
2697	1941
2696	1949
2695	1940
2694	1941
2693	1949
2692	1947
2691	1948
2690	1940
1362	1927
2152	1934
1363	1922
2153	1933
1360	1927
1361	1922
1142	1924
1143	1920
1140	1921
1141	1927
1146	1928
1147	1921
1144	1921
1145	1926
1148	1923
1149	1924
768	1911
769	1910
336	1896
7199	1981
7198	1980
7193	1982
7192	1988
7191	1981
7190	1980
7197	1982
7196	1989
7195	1985
7194	1979
6402	1971
6403	1975
766	1916
6400	1972
767	1916
8538	2006
8539	2005
8028	1992
6401	1977
8022	1995
6406	1974
8020	1991
8021	1992
8026	1991
8027	1990
8024	1993
6407	1969
7441	1990
7440	1994
7443	1996
7442	1994
7445	1997
6404	1971
7447	1993
7446	1993
7449	1999
7448	1991
6405	1977
8185	2001
8184	2005
8187	2000
8186	2000
4282	1959
4283	1958
4280	1958
4281	1956
4286	1960
4287	1958
4284	1959
4285	1956
4288	1957
4289	1957
380	1900
381	1902
382	1909
383	1904
384	1900
385	1907
386	1900
387	1905
388	1903
389	1909
4758	1956
4759	1957
4750	1960
4751	1960
4752	1959
4753	1960
4754	1959
4755	1958
4756	1956
4757	1958
5872	1970
1076	1923
5870	1972
5871	1975
5876	1972
5877	1971
5874	1972
1077	1927
5878	1974
5879	1977
1074	1928
3759	1954
3758	1952
5376	1962
3751	1955
3750	1951
3753	1955
3752	1954
3755	1954
3754	1951
3757	1953
3756	1951
4633	1960
2191	1932
4631	1956
4630	1958
2194	1933
2195	1936
2196	1938
2197	1939
2198	1930
2199	1933
4639	1958
1071	1923
4813	1966
4812	1965
4811	1966
4810	1966
168	1890
169	1894
164	1899
165	1894
166	1897
167	1898
160	1891
161	1899
162	1898
163	1889
4815	1968
4814	1966
6194	1972
6195	1970
6196	1973
6197	1969
6190	1974
6191	1974
6192	1972
6193	1977
6198	1972
6199	1976
2734	1947
2735	1947
2736	1943
2737	1949
2730	1947
2731	1946
2732	1943
2733	1944
2738	1940
2739	1947
8224	2002
8225	2001
7209	1987
7208	1981
7203	1989
7202	1983
7201	1989
7200	1979
7207	1981
7206	1987
7205	1987
7204	1987
6222	1971
6223	1970
6220	1975
6221	1973
6226	1976
6227	1973
6224	1973
6225	1971
6228	1970
6229	1969
6370	1975
5558	1968
3134	1949
809	1916
808	1916
803	1916
802	1915
801	1916
800	1914
807	1914
806	1918
805	1917
804	1911
8604	2003
5274	1961
5275	1967
5276	1966
1776	1938
1771	1932
5271	1962
1773	1938
1772	1936
1779	1935
1778	1935
1551	1921
1550	1928
1553	1925
1552	1928
1555	1926
3039	1946
1557	1923
1556	1922
1559	1921
1558	1928
3036	1949
3037	1945
3030	1946
3031	1947
3032	1943
3033	1945
8703	2000
8702	2001
8701	2006
8700	2005
8707	2000
8706	2004
8705	2001
8704	2006
8709	2000
8708	2004
5605	1968
5604	1963
5607	1964
5606	1962
5601	1964
5600	1963
5603	1964
5602	1964
5609	1966
5608	1967
6424	1975
6425	1976
6426	1971
6427	1969
6420	1971
6421	1974
6422	1976
6423	1971
6428	1972
6429	1973
6769	1984
6768	1981
6767	1979
6766	1987
6765	1982
6764	1987
6763	1980
6762	1979
6761	1985
6760	1988
229	1899
228	1889
227	1892
226	1890
225	1893
224	1896
223	1898
222	1898
221	1889
220	1891
2509	1933
2508	1937
2507	1936
2506	1937
2505	1936
2504	1934
2503	1939
2502	1931
2501	1934
2500	1936
5049	1968
5048	1962
5047	1968
5046	1968
5045	1962
5044	1966
5043	1967
5042	1967
5041	1961
5040	1963
2160	1933
8696	2000
1256	1928
1257	1929
1254	1923
0	1890
1255	1929
1520	1926
1253	1926
3207	1946
1250	1921
3206	1948
1251	1924
3205	1947
3204	1946
3203	1949
3202	1945
3201	1943
1996	1935
5188	1964
1128	1923
1129	1929
5189	1965
1120	1929
1121	1927
1122	1926
1123	1927
1124	1926
1125	1921
1126	1923
1127	1927
8040	1992
8041	1991
8042	1997
8043	1999
8044	1990
8045	1996
8046	1991
8047	1991
8048	1991
8049	1996
8518	2000
8519	2006
2864	1949
2865	1945
2868	1940
2869	1949
4776	1962
4777	1963
4774	1968
4775	1967
4772	1960
4773	1961
4770	1957
4771	1956
4778	1964
4779	1965
5818	1973
5819	1976
5810	1970
5811	1973
5812	1969
5813	1970
5814	1973
5815	1976
5816	1970
5817	1974
4619	1957
4618	1956
4611	1958
4610	1957
4613	1958
4612	1960
4615	1956
4614	1958
4617	1959
4616	1960
2705	1942
7424	1996
7152	1983
2704	1943
2707	1945
146	1895
5458	1962
144	1893
145	1890
142	1890
143	1891
140	1897
5459	1962
4884	1962
148	1891
149	1895
4886	1965
2702	1949
3092	1940
3342	1948
3343	1943
5452	1968
2712	1944
2713	1949
2710	1949
2711	1943
2716	1941
2717	1948
2714	1940
2715	1943
3346	1943
2718	1946
2719	1942
3347	1943
7221	1989
7220	1984
7223	1989
7222	1978
7225	1982
3344	1945
7227	1983
7226	1987
7229	1979
7228	1984
3345	1943
7959	1997
7958	1996
6248	1975
6249	1974
6240	1974
6241	1969
6242	1970
6243	1973
6244	1970
6245	1970
6246	1973
6247	1975
8871	2003
8870	2000
8873	2006
8872	2005
8875	2006
8874	2006
8877	2000
8876	2005
8879	2001
8878	2000
829	1912
828	1919
825	1911
824	1914
827	1913
826	1918
821	1914
820	1918
823	1918
822	1913
8163	2003
8162	2005
8161	2006
8160	2003
8167	2000
8166	2003
5252	1961
5253	1961
5250	1964
5251	1963
5256	1967
5257	1967
5254	1964
5255	1968
5258	1965
5259	1963
5942	1974
3018	1942
3019	1948
3012	1946
3013	1945
3010	1948
3011	1944
3016	1949
3017	1940
3014	1940
3015	1948
8729	2002
8728	2003
8721	2002
8720	2000
8723	2000
8722	2001
8725	2006
8724	2006
8727	2006
8726	2001
4189	1953
4188	1954
4181	1952
4180	1955
4183	1954
4182	1953
4185	1954
4184	1955
4187	1953
4186	1951
5663	1973
5662	1975
5661	1975
5660	1972
5667	1974
5666	1973
5665	1973
5664	1972
5669	1971
5668	1976
11	1893
10	1889
13	1893
12	1893
15	1892
14	1892
17	1899
16	1894
19	1890
18	1896
6408	1972
6409	1970
8181	2004
8180	2002
8183	2000
8182	2006
7764	1992
7765	1994
7766	1991
7767	1993
7760	1991
7761	1998
7762	1990
7763	1997
7768	1999
7769	1997
3904	1951
3905	1951
3906	1953
3907	1951
3900	1951
3901	1953
3902	1955
3903	1955
3908	1954
3909	1954
6745	1980
6744	1984
6747	1989
6746	1978
6741	1984
6740	1982
6743	1986
6742	1980
6749	1985
6748	1986
201	1893
200	1890
203	1889
202	1895
205	1896
204	1889
207	1891
206	1891
209	1892
208	1898
830	1917
831	1916
836	1911
837	1914
834	1910
835	1917
8885	2005
8886	2000
8887	2002
8880	2004
8881	2006
3658	1952
3659	1954
3654	1954
3655	1955
3656	1952
3657	1954
3650	1953
3651	1955
3652	1953
3653	1955
2525	1932
2524	1935
2527	1937
2526	1933
2521	1932
2520	1934
2523	1935
2522	1931
2529	1935
2528	1939
5065	1961
5064	1967
5067	1967
5066	1964
5061	1966
5060	1962
5063	1962
5062	1965
5069	1964
5068	1961
4408	1956
4409	1958
4404	1958
4405	1957
4406	1956
4407	1957
4400	1959
4401	1960
4402	1956
4403	1960
928	1919
929	1917
920	1912
921	1916
922	1913
923	1918
924	1911
925	1916
926	1913
927	1918
5393	1966
5392	1962
5391	1961
5390	1962
5397	1961
5396	1965
5395	1961
5394	1965
5399	1964
5398	1963
7451	1996
8991	2003
784	1911
785	1910
786	1918
787	1913
780	1912
781	1915
782	1914
783	1910
788	1911
789	1912
2357	1934
1371	1927
7159	1980
1370	1920
7157	1988
7156	1979
7155	1984
7154	1979
7153	1984
1373	1929
7151	1985
7150	1979
404	1908
403	1907
8602	2000
402	1906
8546	2002
401	1900
8068	1994
8069	1997
8066	1992
8067	1992
8064	1997
1376	1928
8062	1992
8063	1998
8060	1994
8061	1994
7485	1993
7484	1999
7487	1991
7486	1994
7481	1991
7480	1995
7483	1992
7482	1994
8603	2005
7489	1990
7488	1997
2899	1941
2898	1945
2895	1947
2894	1945
2897	1941
2896	1940
2891	1944
2890	1943
2893	1941
2892	1944
1106	1925
1107	1929
1104	1927
1105	1924
1102	1925
1103	1920
1100	1924
1727	1938
1458	1923
1724	1932
1108	1925
1109	1925
1725	1937
5241	1962
5240	1964
1894	1935
8601	2004
5243	1965
1895	1934
5242	1965
1896	1935
1897	1934
1890	1936
1837	1939
3732	1954
1892	1936
1893	1932
2136	1937
4922	1968
4921	1966
4920	1966
4798	1962
4799	1964
4794	1964
4795	1968
4796	1961
4797	1964
4790	1967
4791	1963
4792	1961
2133	1934
5836	1971
5837	1971
5834	1975
5835	1977
5832	1974
2130	1931
5830	1975
5831	1972
2131	1932
5838	1970
5839	1969
8128	2000
2668	1945
4	1899
2669	1949
6901	1978
8891	2004
8890	2002
2778	1947
2779	1941
4899	1964
4898	1963
2770	1943
2771	1944
2772	1949
4890	1968
2774	1946
2775	1946
2776	1942
2777	1940
3286	1940
7979	1995
7978	1993
7975	1999
7974	1996
7977	1997
7976	1997
7971	1998
7970	1996
7973	1999
7972	1999
6266	1975
6267	1977
6264	1974
6265	1976
6262	1971
6263	1977
6260	1972
6261	1969
5167	1968
6268	1969
6269	1969
7528	1994
847	1912
846	1910
3465	1948
844	1916
843	1916
842	1918
841	1918
840	1919
8897	2005
8896	2005
8895	2003
7158	1980
8893	2005
8892	2002
849	1911
848	1910
4902	1965
2406	1932
4905	1964
2407	1938
1739	1938
1738	1937
1731	1938
1730	1939
1733	1939
5233	1965
5234	1962
5235	1963
1737	1930
1736	1930
3070	1948
3071	1948
1597	1922
1596	1920
3074	1946
3075	1945
1593	1922
1592	1927
3078	1946
3079	1945
1599	1929
1598	1928
4906	1963
2403	1938
5649	1963
5648	1966
5641	1965
5640	1965
5643	1965
5642	1965
5645	1962
5644	1962
5647	1967
5646	1968
8065	1991
4826	1962
489	1905
488	1901
487	1904
486	1905
485	1901
484	1909
483	1906
482	1901
481	1901
480	1908
6468	1969
6469	1971
6460	1977
6461	1971
6462	1973
6463	1974
6464	1972
4827	1966
6466	1975
6467	1969
7742	1991
7743	1992
7740	1995
7741	1996
7746	1993
7747	1993
7744	1999
7745	1999
7748	1993
7749	1993
3922	1952
3923	1950
3920	1950
3921	1953
3926	1951
3927	1952
3924	1951
3925	1951
3928	1955
3929	1952
6723	1984
6722	1988
6721	1978
6720	1986
6727	1984
6726	1987
6725	1987
6724	1989
6729	1983
6728	1988
8309	2005
8308	2003
5655	1962
6099	1975
6098	1974
6091	1976
6090	1976
6093	1971
6092	1974
6095	1971
6094	1973
6097	1969
6096	1974
3678	1950
3679	1954
3672	1955
3673	1951
3670	1951
3671	1953
3676	1951
3677	1950
3674	1950
3675	1952
2543	1934
2542	1931
2541	1936
2540	1933
2547	1937
2546	1932
2545	1936
2544	1933
2549	1932
2548	1933
1456	1927
1457	1923
1450	1927
1451	1924
5003	1966
3581	1953
3582	1954
3583	1954
3584	1954
3585	1951
3586	1950
3587	1955
3588	1950
3589	1952
5009	1962
1101	1924
8747	2000
902	1913
903	1919
900	1913
901	1917
906	1916
907	1918
904	1919
905	1915
4422	1956
4423	1956
908	1910
909	1917
4426	1960
4427	1959
4424	1959
4425	1958
8746	2006
3293	1944
8743	2003
8934	2002
8935	2001
8936	2000
8937	2002
8742	2004
8931	2005
7824	1994
8933	2006
8938	2006
8939	2000
7175	1982
7174	1981
7177	1981
7176	1985
7171	1986
7170	1980
7173	1987
7172	1981
7179	1982
7178	1988
2916	1949
718	1912
1696	1938
1697	1932
1694	1933
1695	1931
1692	1933
1693	1931
1690	1932
1691	1939
1698	1935
1699	1930
1472	1923
1473	1923
1470	1924
1471	1928
1476	1925
1477	1926
1474	1926
1475	1927
1478	1920
1479	1927
4228	1958
4229	1958
8624	2005
4224	1958
4225	1957
4226	1960
4227	1959
4220	1959
4221	1956
4222	1959
4223	1960
24	1892
25	1893
26	1893
27	1892
20	1895
21	1889
22	1890
23	1897
28	1889
29	1899
5588	1961
5589	1966
8625	2004
1069	1923
1068	1929
1061	1929
1060	1929
1063	1929
4923	1963
1065	1927
1064	1923
1067	1922
1066	1926
2288	1930
2289	1933
2280	1930
2281	1938
2282	1935
2283	1937
2284	1931
2285	1930
2286	1934
2287	1934
4538	1960
4539	1959
8314	2003
4828	1967
8315	2005
2056	1930
8316	2002
4534	1957
8317	2006
4535	1959
8310	2004
4927	1966
4536	1957
8311	2006
8233	2002
4825	1961
8312	2005
8232	2000
4530	1960
8313	2002
8231	2006
4823	1966
7759	1991
7919	1994
7918	1990
4820	1968
7913	1990
4926	1967
7911	1998
4533	1956
7917	1996
7916	1991
7915	1992
7914	1999
6288	1975
6289	1971
6284	1969
6285	1975
6286	1976
6287	1969
6280	1977
6281	1972
6282	1970
6283	1971
182	1897
183	1898
180	1890
181	1892
186	1891
187	1899
184	1897
185	1890
188	1891
189	1896
4924	1965
6362	1974
5833	1972
869	1919
868	1911
652	1905
3449	1949
3448	1949
861	1919
860	1916
863	1917
3446	1949
3441	1941
3440	1947
867	1915
866	1911
2024	1938
2025	1933
2026	1939
2027	1937
2020	1936
2021	1935
2022	1937
2751	1940
6364	1969
2028	1939
2029	1931
2758	1944
2759	1945
5216	1962
5217	1966
5214	1965
5215	1963
5212	1964
5213	1965
5210	1967
5211	1961
5218	1967
5219	1967
3058	1941
3059	1948
3056	1940
3057	1943
3054	1947
3055	1949
3052	1944
3053	1942
3050	1941
3051	1940
4597	1959
8	1890
1317	1927
1316	1923
1315	1925
1314	1923
1313	1928
1312	1920
1311	1924
1310	1926
1319	1929
1318	1924
6446	1970
6447	1972
6444	1973
6445	1969
6442	1971
6443	1973
6440	1977
6441	1976
6918	1984
6919	1981
6448	1972
6449	1969
7728	1992
7729	1998
7720	1991
7721	1993
7722	1994
7723	1994
7724	1992
7725	1997
7726	1999
7727	1994
3948	1952
3949	1953
3940	1955
3941	1954
3942	1954
3943	1951
3944	1952
3945	1950
3946	1952
3947	1950
6709	1988
6708	1982
8329	2003
8328	2000
6701	1984
6700	1979
6703	1979
6702	1983
6705	1989
6704	1988
6707	1986
6706	1988
7535	1992
7534	1992
4057	1954
4056	1955
4055	1952
4054	1955
4053	1953
4052	1951
4051	1953
4050	1951
4059	1955
4058	1950
3610	1953
3611	1950
3612	1954
3613	1955
3614	1954
3615	1951
3616	1954
3617	1955
3618	1951
3619	1953
7536	1996
2569	1938
2568	1934
2561	1931
2560	1938
2563	1930
2562	1939
2565	1935
2564	1938
2567	1934
2566	1933
5029	1967
5028	1967
5021	1962
5020	1964
5023	1963
5022	1967
5025	1963
5024	1968
5027	1967
5026	1961
4440	1960
4441	1960
4442	1957
4443	1956
4444	1959
4445	1960
4446	1958
4447	1956
4448	1957
4449	1959
964	1912
965	1910
966	1915
967	1911
960	1919
961	1915
962	1910
963	1910
968	1910
969	1912
7532	1998
1537	1924
1536	1922
1535	1921
1534	1927
1245	1920
1532	1924
1247	1924
3095	1947
649	1905
7327	1994
1248	1923
3236	1949
5198	1967
3234	1940
3235	1943
641	1906
8912	2006
5195	1961
8910	2006
8911	2006
8916	2000
8917	2005
8914	2006
5194	1962
8918	2005
8919	2004
1614	1922
1615	1928
1960	1936
640	1905
5190	1966
7113	1980
7112	1978
7111	1979
7110	1989
7117	1981
5193	1961
7115	1979
7114	1989
7119	1978
1963	1934
643	1909
1678	1939
1679	1932
1674	1931
1675	1935
1676	1932
1677	1938
1670	1933
1671	1937
1672	1935
1673	1939
642	1908
645	1901
1418	1927
1419	1925
1410	1923
1411	1925
1412	1924
1413	1925
1414	1928
1415	1924
1416	1929
1417	1924
644	1906
4208	1953
4209	1953
4202	1953
4203	1955
4200	1954
4201	1954
4206	1953
4207	1953
4204	1954
4205	1955
647	1904
5568	1968
5569	1964
5564	1962
5565	1962
5566	1963
5567	1968
5560	1961
5561	1967
5562	1965
5563	1964
646	1907
308	1899
309	1892
300	1896
301	1898
302	1895
303	1895
304	1898
305	1890
306	1899
307	1899
472	1901
4893	1964
4892	1961
4891	1964
2773	1941
4897	1963
7415	1990
4896	1961
4895	1963
4894	1962
6118	1976
6119	1971
6114	1969
6115	1972
6116	1976
6117	1975
6110	1975
6111	1973
6112	1974
6113	1974
7283	1987
7282	1988
7281	1981
7280	1979
7287	1982
7286	1978
7285	1983
7284	1989
7939	1996
7938	1999
7289	1985
7288	1983
3429	1945
3428	1949
3423	1944
3422	1941
3421	1940
3420	1941
3427	1946
3426	1945
3425	1941
3424	1947
2002	1934
2003	1936
2000	1936
2001	1936
4589	1960
2007	1934
2004	1931
4858	1964
4585	1956
4856	1962
4587	1960
4586	1960
4853	1961
4852	1962
4851	1963
4850	1965
8628	2002
8629	2004
8158	2005
8159	2005
8156	2006
8157	2004
7392	1997
8626	2006
8627	2002
8620	2001
8621	2002
8622	2002
8623	2003
1906	1934
1087	1928
1086	1925
1085	1928
1084	1927
1083	1927
1082	1924
1081	1928
1080	1923
1089	1923
1088	1925
8859	2002
8112	1993
1904	1932
8761	2006
5134	1968
449	1900
448	1901
1339	1921
1338	1921
1335	1929
1334	1921
1337	1925
1336	1927
1331	1928
1330	1925
1333	1929
1332	1925
6932	1982
6933	1979
6930	1986
6931	1983
6936	1988
6937	1985
6934	1981
6935	1983
8127	2003
8126	2005
6938	1985
6939	1987
8123	1998
8122	1994
8121	1994
8120	1990
7706	1994
7707	1991
39	1892
38	1897
7702	1990
7703	1991
7700	1994
7701	1998
33	1892
32	1893
31	1898
30	1890
37	1890
36	1898
35	1893
34	1898
1903	1938
7514	1997
1900	1936
8348	2001
8343	2005
8342	2001
8341	2001
8340	2006
8347	2004
8346	2003
8345	2002
8344	2000
3467	1940
3466	1941
845	1918
3464	1945
3463	1940
3462	1948
4079	1952
4078	1950
4075	1951
4074	1951
4077	1952
4076	1950
4071	1951
4070	1953
4073	1955
4072	1951
3966	1951
3967	1953
3964	1951
3965	1955
3962	1955
3963	1952
3960	1951
3961	1950
7510	1995
3968	1954
3969	1955
8894	2003
3638	1954
3639	1950
3636	1955
3637	1954
3634	1955
3635	1953
3632	1955
3633	1952
3630	1950
3631	1950
3469	1943
3468	1944
8769	2002
5450	1966
8768	2002
8857	2005
4468	1957
4469	1958
4466	1959
4467	1956
4464	1957
4465	1960
4462	1958
4463	1957
4460	1958
4461	1956
948	1911
949	1912
946	1913
947	1917
944	1918
945	1910
942	1914
943	1917
940	1911
941	1919
2410	1938
6327	1976
6326	1977
6325	1969
6324	1977
6323	1975
6322	1970
6321	1973
6320	1972
6329	1970
6328	1976
8978	2004
8979	2006
8970	2006
8971	2003
8972	2006
8973	2001
8974	2003
8975	2004
8976	2004
8977	2005
6560	1986
7139	1988
7138	1981
4793	1967
7131	1984
7130	1981
7133	1985
7132	1989
7135	1982
7134	1981
7137	1989
7136	1989
1658	1931
1659	1939
1652	1931
1653	1932
1650	1931
1651	1930
1656	1938
1657	1939
1654	1934
1655	1931
586	1905
5238	1968
584	1906
585	1908
582	1906
583	1907
580	1902
5239	1961
588	1906
589	1903
2839	1949
2838	1943
2837	1942
2836	1948
2835	1943
2834	1941
2833	1946
2832	1944
2831	1946
2830	1944
3391	1945
3390	1946
5405	1967
5404	1962
5403	1961
5402	1963
5401	1965
5400	1961
3399	1947
3398	1949
5409	1964
1439	1929
5230	1962
5231	1968
7688	1992
5232	1968
4260	1956
4261	1957
4262	1960
1732	1936
4264	1957
4265	1959
4266	1960
4267	1957
4268	1957
4269	1960
1734	1934
3702	1950
5236	1961
3703	1954
5237	1962
1885	1932
5548	1962
3701	1952
5542	1963
3706	1952
5540	1968
5541	1963
5546	1961
5547	1965
5544	1966
3707	1954
1881	1938
8598	2003
8599	2004
8596	2005
8597	2004
8594	2006
1880	1934
8592	2006
8593	2004
8590	2001
8591	2000
5890	1976
5891	1972
5892	1976
5893	1971
5894	1974
5895	1972
5896	1974
5897	1976
5898	1977
4668	1960
4669	1959
2127	1938
2126	1933
4664	1959
8447	2000
2128	1931
4666	1960
4667	1960
4660	1958
4661	1958
4662	1957
4663	1959
322	1889
323	1895
320	1889
321	1897
326	1899
327	1889
324	1898
325	1889
328	1892
329	1895
1595	1928
6138	1974
6139	1970
1594	1921
6132	1977
6133	1976
6130	1969
6131	1977
6136	1977
3072	1941
6134	1974
6135	1974
3073	1947
1591	1928
1590	1920
3076	1942
3077	1942
3252	1948
2248	1937
2249	1932
2244	1932
2245	1933
2246	1938
2247	1937
2240	1932
2241	1930
2242	1931
2243	1932
3401	1949
3400	1944
3403	1941
3402	1941
3405	1948
3404	1941
3407	1945
3406	1946
3409	1941
3408	1944
7537	1993
4875	1964
4874	1964
4877	1964
4876	1962
4871	1968
4870	1964
4873	1966
4872	1965
7531	1992
4879	1964
4878	1963
7530	1993
2068	1930
2069	1937
2798	1946
2799	1944
7533	1999
2792	1941
2793	1944
2790	1946
2791	1940
2796	1947
2797	1944
2794	1942
2795	1944
3256	1940
5692	1973
5690	1969
6178	1977
8078	1991
8786	2005
5691	1972
7096	1989
7097	1988
7094	1980
7095	1983
7092	1988
7093	1984
7090	1978
7091	1982
7098	1978
7099	1981
5696	1975
4883	1968
8105	1998
8104	1997
1359	1928
1358	1922
469	1900
468	1908
8103	1995
8102	1997
465	1906
464	1904
467	1902
466	1909
1357	1928
460	1902
1355	1920
1354	1928
6958	1980
6959	1984
6488	1985
6489	1986
6482	1983
6483	1981
6480	1978
6481	1979
6486	1989
6487	1982
6484	1984
6485	1984
4885	1963
8214	2003
8361	2005
8360	2005
8363	2002
8362	2004
8365	2004
8364	2000
8367	2001
8366	2006
8369	2005
8368	2004
3184	1942
3185	1946
3186	1942
3187	1948
3180	1944
3181	1949
3182	1949
3183	1940
3188	1941
3189	1945
4019	1950
4018	1950
4013	1950
4012	1954
4011	1952
4010	1950
4017	1955
4016	1952
4015	1955
4014	1951
5797	1973
3988	1952
3989	1953
3984	1954
3985	1951
3986	1955
3987	1954
3980	1952
3981	1953
3982	1954
3983	1953
5796	1971
1447	1927
1446	1925
1445	1927
289	1889
288	1889
1444	1928
281	1897
1443	1923
283	1889
282	1891
285	1895
284	1895
287	1889
1442	1926
1441	1928
1116	1922
3561	1953
5793	1974
2477	1935
2476	1930
2475	1937
2474	1937
2473	1930
2472	1935
2471	1931
2470	1937
8548	2004
2479	1937
2478	1938
7874	1996
7875	1992
7876	1991
7877	1992
7870	1993
7871	1994
7872	1993
7873	1993
7878	1998
7879	1995
5791	1977
6309	1976
6308	1975
6305	1973
6304	1970
6307	1970
6306	1969
6301	1972
6300	1974
6303	1969
6302	1973
7695	1999
8956	2005
8957	2005
8954	2003
8955	2003
8952	2000
8953	2001
8950	2002
8951	2001
8958	2001
8959	2001
8544	2000
2907	1945
2906	1949
1986	1931
3215	1944
3216	1946
1985	1939
3210	1942
3211	1945
3212	1945
3213	1942
1638	1920
2134	1939
2904	1943
3218	1949
3219	1948
1988	1931
1989	1939
2909	1945
2815	1942
2814	1944
2817	1940
707	1919
2811	1948
2810	1945
2813	1948
2812	1949
560	1906
561	1906
562	1901
563	1904
2819	1948
2818	1949
566	1903
567	1908
5429	1965
5428	1964
3379	1943
3378	1947
5425	1968
5424	1965
5427	1962
5426	1964
3373	1941
5420	1961
5423	1962
5422	1965
6686	1989
4248	1958
4249	1956
4246	1956
4247	1960
4244	1957
4245	1958
4242	1960
4243	1959
4240	1957
4241	1959
5520	1965
5521	1963
5522	1961
5523	1963
5524	1963
5525	1963
5526	1962
5527	1964
5528	1966
5529	1967
48	1896
49	1898
46	1894
47	1891
44	1893
45	1895
42	1898
43	1895
40	1892
41	1894
8542	2002
4848	1961
6547	1983
6546	1982
6545	1989
6544	1978
6543	1981
6542	1980
6541	1981
6540	1983
6549	1987
6548	1978
5310	1962
7841	1992
344	1889
345	1891
346	1898
347	1896
340	1889
341	1899
342	1895
343	1890
348	1892
349	1889
7519	1992
7518	1991
6150	1971
6151	1975
6152	1974
6153	1976
6154	1971
2132	1939
6156	1969
6157	1974
6158	1974
6159	1973
8307	2000
8306	2006
8305	2000
4831	1962
8304	2000
4526	1960
3237	1943
4833	1966
8302	2004
4524	1956
8301	2002
4835	1961
8300	2001
4834	1964
4837	1964
8758	2002
4836	1964
8759	2000
4784	1965
8208	2000
8209	2000
8754	2004
2268	1932
2269	1931
8755	2000
2262	1935
2263	1933
2260	1935
2261	1939
2266	1937
2267	1934
2264	1930
2265	1939
8205	2004
8750	2002
8751	2000
8752	2001
8753	2004
8303	2000
2046	1934
2047	1931
2044	1933
2045	1937
2042	1930
2043	1937
2040	1939
2041	1934
4819	1968
4818	1961
2048	1939
2049	1932
8230	2006
7629	1999
8237	2000
8236	2002
8235	2000
8682	2004
8234	2006
1365	1924
7078	1985
7079	1984
7074	1978
7075	1984
7076	1983
7077	1984
7070	1983
7071	1978
7072	1981
7073	1978
8683	2001
6976	1983
6977	1979
6974	1984
6975	1984
6972	1984
6973	1987
6970	1980
6971	1983
8169	2000
8168	2002
6978	1982
6979	1989
8680	2000
8681	2005
8389	2000
8388	2002
8387	2006
8386	2004
8385	2002
8384	2006
8383	2003
8382	2001
8381	2001
8380	2002
8686	2006
4389	1956
4388	1959
4383	1957
4382	1957
4381	1957
4380	1957
4387	1960
4386	1958
4385	1956
4384	1957
407	1902
406	1903
405	1904
1372	1928
1375	1928
1374	1926
1377	1928
400	1908
1379	1923
1378	1926
409	1908
408	1909
8684	2001
4031	1951
4030	1950
4033	1952
4032	1951
4035	1952
4034	1951
4037	1950
4036	1954
4039	1953
4038	1952
8173	2000
8685	2006
8174	2006
5498	1962
5499	1961
2459	1936
2458	1930
2455	1937
2454	1939
2457	1932
2456	1933
2451	1937
2450	1931
2453	1930
2452	1932
7852	1999
7853	1998
7850	1992
7851	1993
7856	1993
7857	1993
7854	1996
7855	1999
7858	1996
7859	1996
656	1904
657	1906
654	1908
6369	1970
655	1905
6363	1976
3089	1948
6361	1976
6360	1969
6367	1975
6366	1972
6365	1971
3088	1944
650	1905
651	1908
4982	1964
1508	1925
1509	1925
5496	1967
1601	1926
658	1903
1600	1923
3082	1940
1603	1929
3226	1942
5497	1963
1605	1920
1604	1927
1607	1928
1606	1927
3232	1945
3233	1941
3230	1940
3231	1946
1968	1934
1969	1937
1618	1929
1619	1927
1616	1921
1617	1927
3238	1948
3239	1948
1612	1927
1613	1922
1610	1927
1611	1926
2873	1945
2872	1945
2871	1943
2870	1949
2877	1946
2876	1948
2875	1946
2874	1944
2879	1949
2878	1943
3355	1942
3354	1949
3357	1949
3356	1948
3351	1940
3350	1949
3353	1943
3352	1947
3359	1940
3358	1942
5449	1961
5448	1963
5443	1965
5442	1968
5441	1963
5440	1965
5447	1966
5446	1964
5445	1965
5444	1964
5493	1965
5508	1967
5509	1961
5506	1966
5507	1964
5504	1965
5505	1963
5502	1967
5503	1966
5500	1963
5501	1964
542	1907
543	1905
540	1900
541	1903
546	1908
547	1901
544	1900
545	1907
548	1900
549	1909
6155	1974
5476	1964
6569	1979
6568	1983
5477	1964
6565	1983
6564	1980
6567	1986
6566	1983
6561	1986
5474	1967
6563	1989
6562	1978
7687	1991
7686	1992
7685	1994
5475	1966
7683	1995
7682	1996
7681	1997
7680	1998
5472	1966
5136	1962
7689	1993
5473	1965
3827	1955
3826	1950
3825	1954
3824	1953
3823	1951
3822	1950
3821	1955
3820	1955
5471	1963
5001	1968
3829	1953
3828	1952
8444	2005
8445	2002
8446	2004
5000	1964
8440	2002
8441	2006
8442	2004
8443	2006
5007	1962
8448	2001
8449	2003
5006	1966
5005	1963
5004	1967
7539	1992
7538	1991
368	1900
369	1908
366	1908
367	1900
364	1908
365	1906
362	1892
363	1908
360	1892
361	1899
5008	1968
1945	1930
5133	1963
6179	1969
6176	1976
6177	1976
6174	1971
6175	1972
6172	1977
6173	1969
6170	1974
6171	1973
7052	1981
6511	1982
3217	1949
7902	1998
2200	1936
2201	1930
2202	1931
2203	1930
2204	1932
2205	1931
2206	1933
2207	1930
2208	1931
2209	1934
4428	1959
4429	1957
4839	1961
4838	1961
4529	1960
4528	1956
4527	1958
4830	1968
4525	1958
4832	1964
4523	1956
4522	1957
4521	1959
4520	1957
7993	1992
7992	1998
7991	1999
7990	1998
7997	1994
7996	1992
7995	1994
7994	1991
7999	1994
7998	1991
4420	1956
4421	1960
5298	1964
5299	1963
5296	1968
5297	1965
5294	1965
5295	1961
5292	1962
5293	1964
5290	1968
5291	1963
8141	2004
8140	2005
8143	2005
8142	2002
8145	2002
8144	2005
8147	2001
8146	2000
7337	1993
7336	1992
7335	1995
7334	1996
7333	1991
7332	1993
7331	1998
7330	1994
7339	1993
7338	1997
5510	1962
7058	1989
7059	1978
5697	1975
7053	1983
7050	1987
7051	1988
7056	1987
7057	1978
7054	1988
7055	1985
9026	2006
5516	1962
8149	2005
8148	2001
6998	1987
6999	1989
8639	2000
8638	2004
6994	1982
6995	1988
6996	1978
6997	1984
6990	1980
6991	1988
6992	1978
6993	1983
2998	1945
2999	1943
59	1896
58	1894
55	1899
54	1895
57	1899
56	1896
51	1894
50	1891
53	1891
52	1892
2990	1940
2991	1946
2992	1946
2993	1948
2994	1946
2995	1944
2996	1947
2997	1944
429	1903
428	1903
1399	1926
1398	1922
421	1906
420	1906
423	1905
422	1908
425	1907
424	1909
427	1906
426	1902
854	1917
855	1915
856	1918
857	1911
850	1918
851	1914
852	1917
853	1913
1422	1921
8259	2001
1425	1922
8258	2000
2330	1938
1424	1921
2331	1936
2332	1932
2333	1930
2334	1930
2335	1935
2336	1939
4713	1959
6699	1982
6698	1988
6693	1985
6692	1983
6691	1978
6690	1989
6697	1988
6696	1988
6695	1989
6694	1985
2439	1936
2438	1930
2433	1936
2432	1933
2431	1939
2430	1930
2437	1936
2436	1930
2435	1932
2434	1931
7838	1998
7839	1995
7830	1995
7831	1992
7832	1999
7833	1998
7834	1993
7835	1990
7836	1993
7837	1997
6341	1972
6340	1970
6343	1972
6342	1969
6345	1975
6344	1972
6347	1970
6346	1977
6349	1977
6348	1977
5470	1963
3782	1952
1806	1930
1805	1932
3781	1951
1803	1939
3787	1955
3784	1954
1800	1931
8992	2006
8993	2002
3788	1953
3789	1951
8996	2002
8997	2004
1809	1933
1808	1931
4996	1962
4997	1965
4994	1963
4995	1963
4992	1966
4993	1961
4990	1965
4991	1961
4998	1965
4999	1963
1547	1929
6517	1984
3258	1946
3259	1943
1948	1930
1949	1938
1942	1932
1943	1938
1940	1935
1941	1932
1946	1939
1947	1937
1944	1931
3257	1945
2859	1945
2858	1947
2851	1949
2850	1944
2853	1944
2852	1949
2855	1946
2854	1947
2857	1942
2856	1944
5461	1968
5460	1963
1492	1922
1493	1928
1494	1927
1495	1928
1496	1926
1396	1925
1498	1926
1499	1927
3339	1948
3338	1948
1395	1927
1394	1927
1393	1924
1392	1924
1391	1924
1390	1922
524	1905
525	1907
526	1903
527	1907
520	1908
521	1909
522	1906
523	1902
8930	2001
528	1904
529	1900
1234	1922
1235	1924
1236	1920
1237	1929
1230	1922
1231	1929
1232	1927
1233	1929
1238	1923
1239	1922
8286	2006
8287	2005
8284	2005
1964	1936
8282	2006
8283	2000
8280	2006
8281	2003
8288	2002
8289	2000
6509	1989
6508	1983
2488	1934
6503	1988
6502	1989
6501	1987
2489	1933
6507	1987
6506	1979
6505	1980
6504	1978
4677	1959
4900	1964
4675	1956
2485	1932
3809	1950
3808	1954
3805	1954
3804	1952
3807	1953
3806	1954
3801	1955
3800	1950
3803	1950
3802	1955
8462	2000
8463	2000
8460	2006
8461	2005
8466	2000
4907	1966
8464	2006
8465	2001
8468	2002
2481	1936
1967	1937
7559	1994
7558	1999
7553	1991
7552	1998
7551	1995
7550	1997
7557	1990
7556	1997
7555	1994
7554	1992
4174	1951
4175	1953
4176	1955
4177	1954
4170	1951
4171	1954
4172	1950
4173	1955
1961	1932
4178	1951
4179	1954
7395	1992
1962	1935
7397	1994
7396	1993
7391	1995
7390	1992
7393	1990
2228	1936
2229	1935
2226	1930
2227	1931
2224	1930
2225	1936
2222	1938
2223	1936
2220	1932
2221	1930
1	1896
5925	1972
5926	1977
5927	1977
5920	1971
5921	1977
5922	1974
5923	1972
5928	1975
5929	1971
7399	1991
8113	1992
7398	1997
4505	1956
4504	1960
4507	1956
4506	1960
4501	1960
4500	1959
4503	1956
4502	1958
4509	1957
4508	1958
2088	1939
2089	1930
2082	1930
2083	1931
2080	1933
2081	1930
2086	1939
2087	1930
2084	1938
2085	1936
9005	2001
7319	1991
7318	1990
7315	1995
7314	1994
7317	1993
7316	1995
7311	1991
7310	1992
7313	1993
7312	1992
7030	1986
7031	1982
7032	1982
7033	1979
7034	1989
7035	1979
7036	1987
7037	1979
7038	1984
7039	1979
9018	2002
9019	2000
7788	1999
7789	1991
7786	1999
7787	1991
7784	1993
7785	1990
7782	1998
7783	1994
7780	1999
7781	1990
1009	1911
1008	1913
1007	1918
1006	1911
1005	1915
1004	1910
1003	1910
1002	1919
1001	1912
1000	1918
4349	1956
4348	1960
4347	1957
4346	1960
4345	1957
4344	1957
4343	1959
4342	1958
4341	1960
4340	1958
8615	2000
8614	2004
8617	2005
8616	2000
8611	2001
8610	2006
8613	2006
8612	2005
8619	2005
8618	2006
8014	1993
5719	1972
5718	1976
5717	1973
5716	1975
5715	1973
5714	1976
5713	1974
5712	1976
5711	1972
5710	1969
3575	1955
5091	1964
3577	1953
7816	1992
7817	1996
7814	1993
3576	1951
7812	1994
7813	1998
7810	1998
7811	1991
3571	1951
7818	1997
3570	1950
3573	1952
3572	1953
2666	1945
2667	1940
2664	1940
2665	1942
2662	1946
2663	1942
2660	1944
2661	1943
1829	1933
1828	1931
1825	1934
1824	1937
1827	1937
1826	1935
1821	1938
1820	1937
1823	1936
1822	1937
2147	1939
2146	1931
2413	1930
2412	1935
4978	1967
4979	1965
2417	1937
2140	1935
4974	1963
2418	1937
4976	1965
4977	1962
4970	1962
4971	1961
4972	1962
4973	1965
1920	1931
1921	1935
3274	1940
3275	1946
3272	1944
1925	1935
3270	1940
3271	1949
1928	1931
1929	1933
3278	1949
3279	1946
5586	1965
2935	1943
5587	1967
5584	1964
3319	1944
3318	1949
5585	1967
5489	1961
5488	1966
3311	1943
3310	1942
3313	1949
3312	1945
3315	1949
3314	1948
3317	1948
3316	1947
5580	1967
5581	1961
7515	1993
60	1892
61	1889
62	1897
63	1898
64	1890
65	1898
66	1897
67	1897
68	1892
69	1892
508	1903
509	1909
506	1908
507	1905
504	1905
505	1901
502	1907
503	1908
500	1908
501	1901
1212	1926
1213	1923
1210	1929
633	1902
1216	1927
1217	1926
636	1909
637	1905
638	1908
639	1903
1218	1926
1219	1926
6521	1988
6520	1979
6523	1987
6522	1985
6525	1987
6524	1983
6527	1989
6526	1985
6529	1987
6528	1978
8266	2006
8267	2001
8260	2000
8261	2002
8262	2004
8263	2005
8276	2005
3869	1952
3868	1954
3863	1950
3862	1951
3861	1953
3860	1952
3867	1951
3866	1953
3865	1953
3864	1950
8408	2003
8409	2004
8400	2001
8401	2005
8402	2002
8403	2006
8404	2002
8405	2000
8406	2002
8407	2004
7571	1993
7570	1999
7573	1998
7572	1996
7575	1993
7574	1995
7577	1991
7576	1998
7579	1999
7578	1992
8814	2001
4152	1951
4153	1953
4150	1951
4151	1950
4156	1952
4157	1955
4154	1953
4155	1954
4158	1950
4159	1950
8336	2002
8334	2006
8218	2004
8335	2003
8138	2000
8338	2005
8339	2000
8748	2002
5902	1971
5903	1970
5900	1971
5901	1970
5906	1970
5907	1976
5904	1970
5905	1972
5908	1974
5909	1974
8745	2005
3489	1941
3488	1947
8744	2004
3481	1940
3480	1943
3483	1948
3482	1945
3485	1942
3484	1943
3487	1943
3486	1944
4563	1960
4562	1956
4561	1957
4560	1959
4567	1957
4566	1959
4565	1960
4564	1957
4569	1960
4568	1957
6553	1988
6064	1969
6065	1974
6066	1975
6067	1977
6060	1977
6061	1972
6062	1974
6063	1977
6068	1973
6069	1971
2604	1935
2605	1935
2606	1931
2607	1930
2600	1939
2601	1930
2602	1934
2603	1937
2608	1933
2609	1939
5451	1967
7379	1992
7378	1994
7373	1997
7372	1994
7371	1992
7370	1995
7377	1995
7376	1991
7375	1991
7374	1993
9032	2000
9033	2006
9030	2002
9031	2005
9036	2006
9037	2000
7018	1985
7019	1988
7016	1984
7017	1978
7014	1981
7015	1981
7012	1989
5453	1962
7010	1978
7011	1987
732	1915
5454	1964
8132	2002
753	1911
1807	1933
751	1912
750	1911
757	1910
756	1919
755	1915
754	1913
759	1919
758	1917
3780	1952
1804	1934
2958	1942
2959	1942
738	1914
2954	1949
5455	1966
2956	1943
2957	1941
2950	1943
2951	1949
2952	1949
1802	1934
1025	1917
1024	1914
1027	1911
5347	1966
5340	1961
1801	1932
5342	1965
1022	1914
3785	1951
1029	1915
1028	1912
5456	1965
8990	2002
4365	1956
4364	1960
4367	1957
4366	1958
4361	1957
4360	1957
4363	1956
4362	1956
4369	1959
4368	1957
5457	1968
8995	2000
3108	1948
3109	1940
3104	1947
3105	1948
3106	1943
3107	1944
3100	1945
3101	1941
3102	1944
3103	1941
8673	2000
8672	2002
8671	2006
8670	2003
5	1896
8676	2004
8675	2000
8674	2006
8679	2006
8678	2000
4093	1951
4092	1951
4091	1953
4090	1953
4097	1955
4096	1951
4095	1953
4094	1953
4099	1951
4098	1951
5735	1974
5734	1973
5737	1975
5736	1975
5731	1969
5730	1976
5733	1971
5732	1971
5739	1973
5738	1972
8097	1997
8096	1994
8095	1991
8094	1992
8093	1992
8092	1993
8091	1991
8090	1994
8099	1992
8098	1997
8898	2000
6659	1980
6658	1989
6657	1987
6656	1988
6655	1981
6654	1979
6653	1979
6652	1980
6651	1978
6650	1980
6385	1972
6384	1977
6387	1970
6386	1975
6381	1974
6380	1977
6383	1971
6382	1971
6389	1976
6388	1976
2381	1933
2380	1933
2383	1931
2382	1933
2385	1933
2384	1936
2387	1932
2386	1935
2389	1930
2388	1933
1849	1939
1848	1934
1843	1931
1842	1935
1841	1934
1840	1931
1847	1936
1846	1937
1845	1937
1844	1938
3250	1949
4958	1968
4959	1965
2169	1939
2168	1938
3251	1943
4952	1961
4953	1962
4950	1961
4951	1965
4956	1967
4957	1967
4954	1963
2162	1932
3253	1944
2129	1934
3254	1946
3255	1947
3298	1946
3299	1944
5139	1961
5138	1965
5137	1965
3295	1943
5135	1962
3297	1940
3290	1945
5132	1965
3292	1946
5130	1962
6891	1978
6890	1981
6893	1986
6892	1978
6895	1987
6894	1985
6897	1981
6896	1978
6899	1982
6898	1986
1735	1932
1278	1925
1279	1925
618	1902
619	1905
1270	1928
1271	1929
1272	1924
611	1904
616	1909
617	1900
1276	1929
1277	1928
8798	2000
8799	2005
8248	2000
8249	2006
8242	2003
8243	2000
8240	2004
8241	2000
8246	2005
8247	2005
8244	2003
8245	2003
1490	1929
3332	1942
3331	1945
3330	1945
3337	1945
3336	1940
8426	2002
8427	2000
8424	2001
8425	2005
8422	2000
3335	1944
8420	2002
8421	2006
3334	1944
8428	2005
8429	2002
5469	1966
5468	1963
3595	1952
7599	1993
7598	1994
7597	1990
7596	1993
7595	1999
5039	1966
7593	1997
7592	1995
7591	1994
7590	1999
3599	1952
3598	1950
4138	1952
4139	1954
4130	1951
4131	1951
4132	1953
4133	1955
4134	1954
4135	1953
4136	1952
4137	1955
3841	1954
3840	1951
3843	1950
3842	1953
3845	1954
3844	1954
3847	1954
3846	1950
3849	1950
3848	1952
5698	1970
5699	1973
7912	1997
7910	1992
5968	1974
5969	1969
5960	1972
5961	1970
5962	1972
5963	1977
5964	1972
5965	1976
5966	1973
5967	1971
4549	1960
4548	1959
4541	1957
4540	1959
4543	1958
4542	1957
4545	1959
4544	1956
4547	1957
4546	1956
1073	1927
2594	1934
2595	1930
2596	1938
2597	1933
2590	1939
2591	1934
2592	1935
2593	1933
2598	1930
2599	1932
1070	1929
6042	1972
6043	1970
6040	1975
1343	1929
6046	1973
6047	1974
6044	1975
6045	1973
6048	1974
6049	1974
8600	2004
2622	1944
2623	1949
2620	1947
2621	1943
2626	1946
2627	1943
2624	1945
2625	1948
8606	2005
2628	1945
2629	1948
8607	2000
7351	1998
7350	1997
7353	1992
7352	1996
7355	1999
7354	1994
7357	1995
7356	1993
7359	1997
7358	1995
8605	2000
8204	2000
775	1917
774	1917
777	1916
776	1912
771	1914
770	1911
773	1914
772	1910
779	1915
778	1916
77	1897
76	1892
75	1889
74	1890
73	1892
72	1892
71	1890
70	1895
2972	1948
2973	1941
2970	1949
2971	1947
2976	1941
2977	1943
79	1899
78	1890
1043	1925
5363	1964
1041	1917
1040	1918
1047	1923
1046	1926
1045	1926
1044	1928
1049	1928
1048	1926
4303	1960
4302	1958
4301	1960
4300	1958
4307	1960
4306	1959
4305	1956
4304	1957
4309	1956
4308	1958
3128	1944
3129	1944
3122	1944
3123	1941
3120	1947
3121	1945
3126	1947
3127	1941
3124	1941
3125	1946
8659	2003
8658	2003
8651	2003
8650	2000
8653	2006
8652	2006
8655	2000
8654	2005
8657	2001
8656	2003
5753	1977
5752	1973
5751	1974
5750	1976
5757	1972
5756	1977
5755	1973
5754	1976
5759	1976
5199	1966
3445	1949
4609	1956
3444	1941
3447	1945
862	1915
865	1919
864	1917
3443	1942
3442	1940
2756	1943
2757	1940
2754	1948
7434	1998
7435	1995
7436	1990
2755	1949
7430	1993
7431	1990
7432	1996
7433	1999
2752	1940
7438	1999
7439	1990
2753	1943
2323	1938
2750	1948
2322	1934
2023	1939
4604	1958
2321	1936
6675	1982
6674	1979
6677	1986
2320	1931
6671	1981
6670	1979
6673	1987
6672	1982
2327	1937
6679	1979
6678	1985
2326	1938
4701	1960
2324	1938
8285	2006
5197	1967
4708	1958
5196	1964
2369	1934
2368	1938
2367	1932
2366	1936
2365	1933
2364	1939
2363	1935
2362	1932
2361	1939
2360	1934
5191	1964
1861	1931
1860	1935
1863	1937
1862	1931
1865	1931
3729	1953
1867	1934
1866	1930
3724	1950
3725	1950
3726	1955
3727	1954
3720	1955
3721	1951
3722	1951
3723	1952
4686	1960
4687	1960
4684	1957
4685	1959
4682	1960
4683	1960
4936	1964
4937	1963
4938	1963
4939	1964
4688	1958
4689	1959
2109	1932
2108	1932
2103	1930
2102	1937
2101	1939
2100	1939
2107	1932
2106	1939
2105	1932
2104	1937
5115	1961
5114	1967
5117	1961
5116	1963
5111	1967
5110	1968
5113	1968
5112	1963
5119	1966
5118	1963
1717	1930
5192	1965
9	1890
890	1910
891	1913
892	1919
893	1913
894	1915
895	1914
896	1915
897	1911
898	1910
899	1911
1788	1934
1789	1931
1780	1931
1781	1934
1782	1936
1783	1930
1784	1932
1785	1935
1786	1934
1787	1936
6879	1978
6878	1981
6877	1988
6876	1987
6875	1987
6874	1978
6873	1978
6872	1988
6871	1988
6870	1988
8220	2006
8221	2004
8222	2001
8223	2000
678	1907
679	1908
8226	2006
8227	2003
674	1909
675	1902
676	1901
677	1903
670	1904
671	1903
672	1909
673	1902
7609	1999
7608	1997
7607	1991
7606	1993
7605	1998
7604	1995
7603	1995
7602	1995
7601	1990
7600	1992
2491	1937
2490	1939
2493	1939
8467	2000
2492	1936
2495	1937
1965	1935
2494	1935
2497	1937
2496	1933
8469	2003
1524	1923
1525	1928
1526	1923
1527	1924
1252	1925
1521	1927
1522	1928
1523	1929
1528	1927
1529	1925
1258	1922
1259	1921
4116	1951
4117	1953
4114	1953
4115	1951
4112	1951
4113	1952
4110	1952
4111	1952
4118	1953
4119	1954
7895	1998
7103	1979
3340	1949
7109	1979
3341	1949
5946	1969
5947	1976
5944	1973
5945	1975
1966	1939
5943	1970
5940	1971
5941	1971
5948	1970
5949	1975
6028	1973
6029	1969
6020	1974
6021	1971
6022	1973
6023	1975
6024	1976
6025	1975
6026	1976
6027	1971
2648	1942
2649	1942
2640	1945
2641	1940
2642	1947
2643	1947
2644	1945
2645	1949
2646	1947
2647	1943
3557	1954
3556	1954
3555	1955
3554	1952
3553	1953
3552	1951
3551	1950
3550	1951
3559	1952
3558	1952
2910	1940
2911	1944
2912	1941
2913	1940
2914	1940
2915	1941
719	1910
2917	1941
2918	1945
2919	1941
715	1914
714	1913
713	1917
712	1910
711	1916
710	1911
5308	1965
5309	1962
5300	1962
5301	1964
5302	1968
5303	1963
5304	1963
5305	1967
5306	1968
5307	1966
6956	1983
4329	1958
4328	1958
4321	1960
4320	1957
4323	1960
4322	1959
4325	1957
4324	1959
4327	1956
4326	1958
3140	1940
3141	1945
3142	1942
3143	1944
3144	1940
3145	1941
3146	1940
3147	1944
3148	1944
3149	1949
1630	1923
5779	1969
5778	1974
5771	1976
5770	1971
5773	1972
5772	1977
5775	1970
1631	1924
5777	1973
5776	1972
9010	2003
1632	1925
1633	1924
7412	1993
7413	1999
7410	1996
7411	1991
7416	1996
7417	1997
7414	1994
1634	1926
7418	1992
7419	1993
6613	1979
6612	1986
6611	1983
6610	1984
6617	1986
1635	1925
6615	1986
6614	1980
6619	1986
6618	1987
3500	1949
1636	1928
3501	1947
3502	1941
3503	1946
3504	1949
9011	2005
3505	1943
1637	1929
3506	1943
3507	1947
2345	1936
2344	1930
2347	1931
2346	1937
2341	1939
2340	1939
2343	1939
2342	1939
2349	1934
2348	1938
2067	1936
3708	1951
3709	1954
1889	1930
1888	1939
1887	1932
1886	1935
3700	1951
1884	1934
1883	1939
1882	1938
3704	1955
3705	1950
2121	1932
2120	1930
2123	1936
2122	1935
2125	1937
2124	1934
4918	1964
4919	1966
4916	1964
4917	1966
4914	1962
4915	1961
4912	1968
4913	1968
4910	1966
4911	1966
6917	1985
6910	1979
6911	1984
5173	1965
5172	1964
5171	1962
5170	1961
5177	1962
5176	1965
5175	1968
5174	1961
5179	1966
5178	1966
133	1892
132	1897
131	1899
130	1899
137	1889
136	1896
135	1899
134	1891
139	1889
138	1899
5924	1974
7254	1989
7255	1978
7256	1978
7257	1979
7250	1978
7251	1983
7252	1983
7253	1984
7258	1988
7259	1989
6855	1980
6854	1979
6857	1979
6856	1988
6851	1979
6850	1984
6853	1982
6852	1986
6859	1986
6858	1986
5339	1961
88	1891
89	1899
82	1893
83	1890
80	1890
81	1890
86	1896
87	1891
84	1895
85	1895
8804	2001
8805	2004
8806	2004
8807	2004
8800	2002
8801	2002
8802	2002
8803	2005
8808	2004
8809	2003
6583	1978
6582	1978
6581	1984
6580	1988
6587	1979
6586	1987
6585	1983
6584	1979
8206	2005
8207	2000
6589	1979
6588	1980
8202	2000
8203	2003
8200	2005
8201	2000
7625	1998
7624	1999
7627	1993
7626	1993
7621	1992
7620	1996
7623	1997
7622	1990
7128	1979
7628	1992
7828	1996
8994	2000
7822	1990
3368	1948
1502	1928
1503	1922
1500	1922
1501	1922
1506	1929
1507	1920
1504	1925
1505	1929
3085	1947
3084	1944
3087	1947
3086	1949
3081	1947
3080	1944
3083	1940
659	1902
3369	1948
3885	1954
3884	1951
3887	1953
3886	1950
3881	1954
3880	1950
3883	1953
3882	1952
3889	1952
3888	1953
2484	1935
8325	2006
8324	2006
8327	2000
8326	2005
8321	2002
7123	1982
8320	2004
8323	2004
8322	2004
1291	1929
1296	1927
6006	1970
6007	1977
6004	1973
6005	1976
6002	1977
6003	1970
6000	1971
6001	1975
1297	1923
6008	1975
6009	1970
995	1917
994	1914
997	1917
996	1913
991	1916
990	1914
993	1915
992	1912
999	1914
998	1915
5098	1963
5099	1965
3579	1952
3578	1951
5090	1966
3574	1952
5092	1967
5093	1961
5094	1965
5095	1967
5096	1966
5097	1961
4497	1958
4496	1958
4495	1956
4494	1957
4493	1956
4492	1956
4491	1956
4490	1960
4499	1960
4498	1957
2938	1941
2939	1949
2936	1949
2937	1948
2934	1940
1397	1928
2932	1941
2933	1944
2930	1943
2931	1949
5326	1965
5327	1962
5324	1962
5325	1961
5322	1962
5323	1965
5320	1961
5321	1964
3799	1955
5328	1967
5329	1962
3797	1954
1839	1937
2161	1935
3168	1945
3169	1942
3166	1944
3167	1940
3164	1941
3165	1948
3162	1947
3163	1949
3160	1941
3161	1943
2154	1930
2155	1933
2404	1938
731	1917
730	1910
733	1912
2405	1936
735	1912
734	1911
737	1913
736	1916
739	1912
2402	1937
2151	1934
4987	1965
2401	1939
2006	1937
1274	1924
8567	2001
8566	2001
8565	2000
8564	2003
8563	2005
8562	2004
8561	2005
8560	2001
8569	2002
8568	2002
7478	1995
7479	1995
7470	1993
7471	1991
7472	1998
7473	1993
7474	1997
7475	1991
7476	1999
7477	1991
6639	1978
6638	1982
6631	1978
6630	1978
6633	1979
6632	1981
6635	1980
6634	1984
6637	1985
6636	1985
4707	1959
4706	1958
4705	1956
4704	1956
4703	1959
4702	1959
2325	1939
4700	1958
2329	1931
2328	1935
4709	1958
2009	1938
3760	1952
3761	1955
3762	1955
3763	1953
3764	1952
3765	1950
3766	1954
3767	1952
3768	1955
3769	1953
1292	1923
1792	1939
1293	1921
1290	1928
2499	1932
2498	1936
4648	1959
4649	1956
4642	1957
4643	1960
4640	1959
4641	1960
4646	1958
4647	1959
4644	1959
4645	1960
1294	1928
7898	1992
7899	1991
7896	1990
7897	1999
7894	1994
1295	1923
7892	1994
7893	1997
7890	1990
7891	1996
5159	1963
5158	1961
5151	1963
5150	1965
5153	1961
5152	1967
5155	1963
5154	1963
5157	1962
5156	1961
115	1892
114	1898
117	1895
116	1898
111	1894
110	1899
113	1899
112	1898
3244	1945
119	1891
118	1899
8932	2000
7272	1988
7273	1979
7270	1980
7271	1983
7276	1989
7277	1979
7274	1982
7275	1988
7278	1982
7279	1984
8551	2006
8556	2003
8557	2003
6833	1978
6832	1979
6831	1987
6830	1988
6837	1982
6836	1986
6835	1983
6834	1980
6839	1980
6838	1980
8005	1991
8558	2006
8559	2002
8822	2002
8823	2000
8820	2005
8821	2006
8826	2000
8827	2005
8824	2000
8825	2005
8828	2005
8003	1997
8778	2006
8779	2005
8772	2003
8773	2003
8770	2003
8771	2004
8776	2005
8777	2005
8774	2006
8775	2000
7643	1990
7642	1991
7641	1995
7640	1997
7647	1995
7646	1991
7645	1991
7644	1993
7649	1995
7648	1996
9014	2006
9015	2005
9016	2006
9017	2003
1748	1935
1749	1930
1744	1930
1745	1936
1746	1931
1747	1938
1740	1935
1741	1935
1742	1935
1743	1937
7926	1994
3308	1945
7927	1990
3309	1948
7924	1996
5494	1964
7925	1990
5495	1966
7922	1997
3304	1943
7923	1996
3305	1947
7920	1995
5490	1966
7921	1997
5491	1968
1568	1923
1569	1928
1298	1929
1299	1926
5492	1963
1560	1928
1561	1925
1562	1923
1563	1920
1564	1926
1565	1929
1566	1925
1567	1926
7462	1992
7460	1990
5638	1961
5639	1967
5634	1967
5635	1963
5636	1962
5637	1965
5630	1967
5631	1966
5632	1967
5633	1968
8480	2000
8481	2005
8482	2002
8483	2003
8484	2005
8485	2004
8486	2005
8487	2005
8488	2005
8489	2003
7464	1994
